-- MySQL Administrator dump 1.4
--
-- ------------------------------------------------------
-- Server version	5.1.61-0ubuntu0.11.10.1


/*!40101 SET @OLD_CHARACTER_SET_CLIENT=@@CHARACTER_SET_CLIENT */;
/*!40101 SET @OLD_CHARACTER_SET_RESULTS=@@CHARACTER_SET_RESULTS */;
/*!40101 SET @OLD_COLLATION_CONNECTION=@@COLLATION_CONNECTION */;
/*!40101 SET NAMES utf8 */;

/*!40014 SET @OLD_UNIQUE_CHECKS=@@UNIQUE_CHECKS, UNIQUE_CHECKS=0 */;
/*!40014 SET @OLD_FOREIGN_KEY_CHECKS=@@FOREIGN_KEY_CHECKS, FOREIGN_KEY_CHECKS=0 */;
/*!40101 SET @OLD_SQL_MODE=@@SQL_MODE, SQL_MODE='NO_AUTO_VALUE_ON_ZERO' */;


--
-- Create schema interins
--

CREATE DATABASE IF NOT EXISTS interins character set utf8 COLLATE utf8_general_ci;
USE interins;
CREATE TABLE  `interins`.`Aspirants` (
  `Nif` varchar(9) NOT NULL,
  `nom` varchar(45) NOT NULL,
  `llinatges` varchar(45) NOT NULL,
  `adreca` varchar(100) DEFAULT NULL,
  `codiPostal` varchar(5) DEFAULT NULL,
  `idLocalitat` varchar(9) DEFAULT NULL,
  PRIMARY KEY (`Nif`),
  KEY `fk_AspirantLocalitat` (`idLocalitat`),
  CONSTRAINT `fk_AspirantLocalitat` FOREIGN KEY (`idLocalitat`) REFERENCES `Localitats` (`idLocalitat`) ON DELETE NO ACTION ON UPDATE NO ACTION
) ENGINE=InnoDB DEFAULT CHARSET=utf8;
INSERT INTO `interins`.`Aspirants` VALUES  ('12007493F','Bartomeu','Villalonga Forteza','Sol 3','07865','070570004'),
 ('14140460F','Virginia','Tur Tugores','Salvador Dalí, 78','07001','070400007'),
 ('20069970F','Magdalena','Pujol Bennasar','Càrritx 5','07421','070030001'),
 ('23797769F','Bartomeu','Capó Tugores','Càrritx 5','07456','070590003'),
 ('32809803F','Maria','Ferrer Fuster','Sol 3','07754','070170001'),
 ('36520182F','Catalina','Pol Bennasar','Salvador Dalí, 78','07002','070100004'),
 ('37389863F','Margalida','Tur Ferragut','Ronda de baix, 34','07421','070060002'),
 ('38868119F','Maria','Tur Aguiló','Llabeig 8','07300','070360004'),
 ('40053933F','Miquel','Tur Bennasar','Ronda d\'\'alt, 53','07300','070110008'),
 ('45542205F','Joan','Villalonga Forteza','Ronda de baix, 34','07300','070460004'),
 ('47537490F','Bartomeu','Crespí Martí','Fondo 2','07021','070050003'),
 ('50620612F','Catalina','Pujol Aguiló','Major 10, 2, 2ª','07320','070580004'),
 ('52359960F','Joan','Villalonga Nadal','Salvador Dalí, 78','07001','070540004'),
 ('53972396F','Margalida','Crespí Forteza','Crestatx 23','07421','070590003'),
 ('55694683F','Bartomeu','Villalonga Martí','Càrritx 5','07320','070390001'),
 ('58236660F','Bartomeu','Tur Bennasar','Llabeig 8','07001','070460004'),
 ('59661879F','Miquel','Villalonga Bennasar','Sol 3','07002','079020001'),
 ('61528617F','Antoni','Capó Martí','Càrritx 5','07754','070060001'),
 ('69216317F','Maria','Serra Forteza','Major 10, 2, 2ª','07002','070540003'),
 ('69777619F','Virginia','Pons Forteza','Càrritx 5','07320','070540005'),
 ('72187703F','Catalina','Pol Forteza','Salvador Dalí, 78','07754','070570002'),
 ('72324094F','Miquel','Serra Torres','Crestatx 23','07754','070460003'),
 ('72548887F','Margalida','Crespí Nadal','Major 10, 2, 2ª','07865','070550001'),
 ('72960165F','Maria','Villalonga Fuster','Càrritx 5','07865','070400002'),
 ('74188001F','Miquel','Pol Fuster','Fondo 2','07320','070210001'),
 ('74918472F','Magdalena','Villalonga Socies','Ronda d\'\'alt, 53','07300','070240006'),
 ('75232233F','Antoni','Pol Fuster','Fondo 2','07001','070500002'),
 ('76797382F','Virginia','Pol Socies','Càrritx 5','07002','070220003'),
 ('78676612F','Catalina','Serra Fuster','Càrritx 5','07456','070510003'),
 ('79887407F','Virginia','Ferrer Socies','Salvador Dalí, 78','07456','070370002');
CREATE TABLE  `interins`.`Centres` (
  `idCentre` varchar(8) NOT NULL,
  `nomCentre` varchar(100) NOT NULL,
  `idLocalitat` varchar(9) NOT NULL,
  PRIMARY KEY (`idCentre`),
  KEY `fk_CentreLocalitat` (`idLocalitat`),
  CONSTRAINT `fk_CentreLocalitat` FOREIGN KEY (`idLocalitat`) REFERENCES `Localitats` (`idLocalitat`) ON DELETE NO ACTION ON UPDATE NO ACTION
) ENGINE=InnoDB DEFAULT CHARSET=utf8;
INSERT INTO `interins`.`Centres` VALUES  ('07000029','CEIP SANT BARTOMEU','070010001'),
 ('07000030','NUESTRA SEÑORA DE LA CONSOLACION','070010001'),
 ('07000042','CENTRO PREESC.','070020001'),
 ('07000081','LA SALLE','070020001'),
 ('07000091','CEIP INSPECTOR DOCTOR COMAS CAMPS','070020001'),
 ('07000108','CEIP PORTA DES MOLL','070030001'),
 ('07000111','NUESTRA SEÑORA DE LA CONSOLACION','070030001'),
 ('07000121','ESC PARROQUIAL DE NINOS','070030001'),
 ('07000133','ESC NAC UNI PATRONATO GESA','070030003'),
 ('07000157','CEIP PARE BARTOMEU POU','070040001'),
 ('07000169','N.S. DE LA CONSOLACION','070040001'),
 ('07000170','SAN FRANCISCO DE ASIS','070040003'),
 ('07000194','CEIP ES VINYET','070050001'),
 ('07000212','RAMON LLULL','070050001'),
 ('07000248','NTRA. SRA. DE LA CONSOLACION','070050003'),
 ('07000251','CEIP SES BASSETES','070050003'),
 ('07000297','SAN BUENAVENTURA','070060001'),
 ('07000303','CEI ES PORIOL','070150003'),
 ('07000315','SANT SALVADOR','070060001'),
 ('07000327','MUNICIPAL','070060001'),
 ('07000339','DEL IFP. DE MANACOR','070060001'),
 ('07000340','COL S VICENTE DE PAUL','070060002'),
 ('07000364','SAN JAIME','070080002'),
 ('07000388','CEIP NOSTRA SENYORA DE ROBINES','070080002'),
 ('07000391','L\'ASSUMPCIÓ','070080002'),
 ('07000406','SANTISIMA TRINIDAD','070080002'),
 ('07000418','CEIP ELS MOLINS','070090001'),
 ('07000455','S FRANCISCO DE ASIS','070100002'),
 ('07000467','CEIP MESTRE COLOM','070100002'),
 ('07000480','ESCUELA PARROQUIAL','070110003'),
 ('07000492','S FRANCISCO DE ASIS','070110003'),
 ('07000509','CEIP SES QUARTERADES','070110003'),
 ('07000510','SAN FRANCISCO DE ASIS','070110004'),
 ('07000534','CEIP GALATZÓ','070110004'),
 ('07000546','CEIP XALOC','070110008'),
 ('07000561','CEIP LLORENÇ RIBER','070120001'),
 ('07000571','NTRA. SRA. DE LA CONSOLACION','070120001'),
 ('07000583','CEIP JOAN VENY I CLAR','070130001'),
 ('07000613','SAGRADOS CORAZONES','070130001'),
 ('07000625','AULA FELANITX','070220003'),
 ('07000649','CEPA MANCOMUNITAT DES RAIGUER','070080002'),
 ('07000650','FRAY JUAN BALLESTER','070130001'),
 ('07000686','ESCUELA DE ORIENTACION MARITIMA Y PESQUE','070140001'),
 ('07000698','S FRANCISCO DE ASIS','070140001'),
 ('07000704','SAN FRANCISCO DE ASIS','070140002'),
 ('07000716','CEIP S\'ALZINAR','070140002'),
 ('07000731','SANT FRANCESC DE SALES','070150003'),
 ('07000753','TORREPETXINA','070150003'),
 ('07000777','CEIP MARE DE DÉU DEL TORO','070150003'),
 ('07000789','SAN JUAN DE MISA','070150003'),
 ('07000790','CEIP JOAN BENEJAM','070150003'),
 ('07000807','NOSTRA SENYORA DE LA CONSOLACIÓ','070150003'),
 ('07000820','COMPANIA DE MARIA','070150003'),
 ('07000832','IES JOSEP MARIA QUADRADO','070150003'),
 ('07000844','IES MARIA ÀNGELS CARDONA','070150003'),
 ('07000856','CODEMAR','070150003'),
 ('07000868','CEIP PERE CASASNOVAS','070150003'),
 ('07000881','CEIP BARTOMEU ORDINES','070160001'),
 ('07000893','NTRA. SRA. DE LA CONSOLACION','070160001'),
 ('07000911','CEIP NADAL CAMPANER ARROM','070170001'),
 ('07000923','S FRANCISCO DE ASIS','070170001'),
 ('07000935','CEIP ROBERT GRAVES','070180001'),
 ('07000947','S FRANCISCO DE ASIS','070180001'),
 ('07000959','ESCOLANIA DE LLUC','070190003'),
 ('07000960','CEIP GABRIEL COMAS I RIBAS','070200002'),
 ('07000972','CEI SAN VICENTE DE PAUL','070200002'),
 ('07000984','CEIP GABRIEL PALMER','070210001'),
 ('07001010','CEIP INSPECTOR JOAN CAPÓ','070220003'),
 ('07001034','SANTISIMA TRINIDAD','070220003'),
 ('07001046','AULA FERRERIES','070230001'),
 ('07001058','SANT ALFONS','070220003'),
 ('07001071','VIRGEN DE SAN SALVADOR','070220003'),
 ('07001083','SAN VICENTE DE PAUL','070220006'),
 ('07001137','S. FRANCISCO DE ASIS','070220004'),
 ('07001149','CEIP CASTELL DE SANTA ÀGUEDA','070230001'),
 ('07001150','SANT FRANCESC D\'ASSÍS','070230001'),
 ('07001174','CEIP EL PILAR','070240003'),
 ('07001186','CEIP SANT FERRAN DE SES ROQUES','070240006'),
 ('07001216','CEI VIRGEN MILAGROSA','070240007'),
 ('07001228','SAN FRANCISCO JAVIER','070240007'),
 ('07001265','AULA ANDRATX','070050001'),
 ('07001277','CEIP SA GRADUADA','070260001'),
 ('07001289','CEIP PORTAL NOU','070260001'),
 ('07001307','CEIP SA BODEGA','070260001'),
 ('07001319','NUESTRA SEÑORA DE LA CONSOLACION','070260001'),
 ('07001320','SAN VICENTE DE PAUL','070260001'),
 ('07001332','BLAT','070260001'),
 ('07001344','SA REAL','070260001'),
 ('07001356','PATRONATO EXCMO AYUNTAMIENTO DE IBIZA','070260001'),
 ('07001368','UNI SAN SALVADOR POSITO PESCADORES','070260001'),
 ('07001371','IES SANTA MARIA D\'EIVISSA','070260001'),
 ('07001381','SEMINARIO STO. DOMINGO SAVIO','070260001'),
 ('07001393','CEIP CAN MISSES','070260001'),
 ('07001401','IES ISIDOR MACABICH','070260001'),
 ('07001423','ESCOLA D\'ART D\'EIVISSA','070480004'),
 ('07001435','CEIP CAS SERRES','070260001'),
 ('07001447','SANT VICENÇ DE PAÜL','070270001'),
 ('07001459','SANTO TOMAS DE AQUINO-LICEO SANTA TERESA','070270001'),
 ('07001460','PUREZA DE MARIA','070270001'),
 ('07001472','LA SALLE','070270001'),
 ('07001484','ESC PARROQUIAL GRA STA M MAYOR NI¥OS-AS','070270001'),
 ('07001496','CRISTO REY PATRONATO','070270001'),
 ('07001514','CEIP LLEVANT','070270001'),
 ('07001526','BEATO RAMON LLULL','070270001'),
 ('07001541','BEATA FRANCINAINA CIRER','070270001'),
 ('07001551','IES BERENGUER D\'ANOIA','070270001'),
 ('07001563','IFP LLORENC MARIA DURAN','070270001'),
 ('07001575','CEIP PONENT','070270001'),
 ('07001587','S FRANCISCO DE ASIS','070280001'),
 ('07001599','CEIP ANTÒNIA ALZINA','070280001'),
 ('07001617','SAN FRANCISCO DE ASIS','070290001'),
 ('07001629','CEIP ES PUIG','070290001'),
 ('07001630','SAN FRANCISCO DE ASIS','070300001'),
 ('07001642','CEIP DURAN ESTRANY','070300001'),
 ('07001654','ESC GRA PARROQUIAL NTRA SRA DE LA LACTAN','070310001'),
 ('07001666','SANT VICENÇ DE PAÜL','070310001'),
 ('07001681','CEIP S\'ALGAR','070310001'),
 ('07001708','ESCUELA PARROQUIAL NACIONAL','070310003'),
 ('07001711','SAN BUENAVENTURA','070310003'),
 ('07001721','NOSTRA SENYORA DE GRÀCIA','070310003'),
 ('07001733','CEI SAGRADOS CORAZONES','070310003'),
 ('07001745','CEIP REI JAUME III','070310003'),
 ('07001757','CEPA S\'ARENAL','070400002'),
 ('07001769','IBT MARIA ANTONIA SALVA','070310003'),
 ('07001770','SAN VICENTE DE PAUL','070310003'),
 ('07001782','M ANTONIA SALVA','070310003'),
 ('07001800','CEIP MARE DE DÉU DEL CARME','070320010'),
 ('07001812','CEIP ANTONI JUAN ALEMANY','070320010'),
 ('07001824','CEIP SA GRADUADA','070320010'),
 ('07001836','CEIP MARE DE DÉU DE GRÀCIA','070320010'),
 ('07001851','NTRA. SRA. DEL MONTE TORO','070320010'),
 ('07001861','CEIP TRAMUNTANA','070320010'),
 ('07001885','ACADEMUS','070320010'),
 ('07001897','COVADONGA','070320010'),
 ('07001903','PIO XII','070320010'),
 ('07001915','LA SALLE','070320010'),
 ('07001927','COR DE MARIA','070320010'),
 ('07001939','SAN JOSE','070320010'),
 ('07001940','IES PASQUAL CALBÓ I CALDÉS','070320010'),
 ('07001952','CATISA','070320010'),
 ('07001964','IES JOAN RAMIS I RAMIS','070320010'),
 ('07001976','C.DE CAPACITACION AGRARIA','070320010'),
 ('07002002','EI SANT CLIMENT','070320012'),
 ('07002026','CP SIMÓ BALLESTER','070330006'),
 ('07002038','CP ES CANYAR','070330006'),
 ('07002099','ESC MIX SOS FERRES','070330006'),
 ('07002105','SANT VICENÇ DE PAÜL','070330006'),
 ('07002117','PUREZA DE MARIA','070330006'),
 ('07002129','ACADEMIA SAN FERNANDO','070330006'),
 ('07002130','SAN FRANCISCO DE ASIS','070330006'),
 ('07002142','ESC PARROQUIAL VIRGEN DE LOS DOLORES','070330006'),
 ('07002166','ESC PARROQUIAL UNI CRISTO REY','070330006'),
 ('07002181','LA SALLE','070330006'),
 ('07002191','IES MOSSÈN ALCOVER','070330006'),
 ('07002208','IES MANACOR','070330006'),
 ('07002233','EI SA GRADUADA','070330006'),
 ('07002245','EI SA TORRE','070330006'),
 ('07002257','CEIP SES COMES','070330009'),
 ('07002269','SAN VICENTE DE PAUL','070330009'),
 ('07002294','S VICENTE DE PAUL','070330011'),
 ('07002300','CEIP MESTRE PERE GARAU','070330011'),
 ('07002324','CEIP MONTAURA','070340001'),
 ('07002336','SAN FRANCISCO DE ASIS','070350001'),
 ('07002348','CEIP MARIA DE LA SALUT','070350001'),
 ('07002373','ESCOLA OFICIAL D\'IDIOMES D\'EIVISSA','070260001'),
 ('07002385','S FRANCISCO DE ASIS','070360002'),
 ('07002397','CEIP GABRIEL JANER MANILA','070360003'),
 ('07002415','CEI SANTA CATALINA THOMAS','070360004'),
 ('07002427','SANTA TERESA','070360004'),
 ('07002439','CEIP BLANQUERNA','070360004'),
 ('07002440','LA SALLE','070360004'),
 ('07002452','S FRANCISCO DE ASIS','070360005'),
 ('07002464','CEIP MIQUEL COSTA I LLOBERA','070360005'),
 ('07002506','S FRANCISCO DE ASIS','070370002'),
 ('07002518','CEIP MARE DE DÉU DEL TORO','070370002'),
 ('07002521','SAGRADOS CORAZONES','079020001'),
 ('07002531','CEIP FRANCESC D\'ALBRANCA','079020001'),
 ('07002543','CEIP JOAN MAS I VERD','070380001'),
 ('07002555','S VICENTE DE PAUL','070380001'),
 ('07002567','CEIP GUILLEM BALLESTER I CERDÓ','070390001'),
 ('07002579','SANT FRANCESC D\'ASSÍS','070390001'),
 ('07002580','EI SAN FRANCESC D\'ASSIS','070390001'),
 ('07002592','CEIP ELS TAMARELLS','070400002'),
 ('07002609','CEI POPEYE','070400002'),
 ('07002610','CEIP CAN PASTILLA','070400003'),
 ('07002646','SAN VICENTE DE PAUL','070400006'),
 ('07002658','CEIP COLL D\'EN REBASSA','070400006'),
 ('07002671','PTO.SAN JUAN DE DIOS','070400006'),
 ('07002683','CEIP SON FERRIOL','070400007'),
 ('07002695','CEI NUESTRA SEÑORA DE LA PROVIDENCIA','070400007'),
 ('07002701','SANT ANTONI ABAT','070400007'),
 ('07002713','SAN FRANCISCO DE ASIS','070400007'),
 ('07002725','CEI SAN VICENTE DE PAUL','070400008'),
 ('07002737','CEI PUREZA DE MARIA','070400008'),
 ('07002749','CEIP ESTABLIMENTS','070400008'),
 ('07002750','CEIP GÈNOVA','070400009'),
 ('07002762','ESC PARROQUIAL GENOVA','070400009'),
 ('07002774','CEIP AINA MOLL I MARQUÈS','070400012'),
 ('07002786','STELLA','070400012'),
 ('07002798','ESC PARROQUIAL SAGRADO CORAZON','070400012'),
 ('07002804','CEIP LA SOLEDAT','070400012'),
 ('07002816','VIRGEN DEL CARMEN','070400012'),
 ('07002828','SAN CAYETANO','070400012'),
 ('07002831','CEIP DE PRÀCTIQUES','070400012'),
 ('07002841','CEIP REI JAUME I','070400012'),
 ('07002853','CEIP SANTA ISABEL','070400012'),
 ('07002865','CEIP MIQUEL PORCEL','070400012'),
 ('07002877','CP SON ESPANYOLET','070400012'),
 ('07002889','CEIP JOAN CAPÓ','070400012'),
 ('07002907','CEIP ALEXANDRE ROSSELLÓ','070400012'),
 ('07002919','CEIP MIQUEL COSTA I LLOBERA','070400012'),
 ('07002920','SANTA MARIA','070400012'),
 ('07002932','CEIP ES VIVERO','070400012'),
 ('07002956','CEIP SANTA CATALINA','070400012'),
 ('07002968','CEIP SON CANALS','070400012'),
 ('07002981','CEIP VERGE DE LLUC','070400012'),
 ('07002993','ESC PARROQUIAL NI¥OS INMACULADO C DE M','070400012'),
 ('07003021','SANTA MAGDALENA SOFIA','070400012'),
 ('07003031','PAT DE LA JUNTA DEL PUERTO','070400012'),
 ('07003043','INSTITUCION NAZARET','070400012'),
 ('07003067','SANT JOSEP OBRER II','070400012'),
 ('07003079','PARROQUIAL S FRANCISCO DE PAULA PAT','070400012'),
 ('07003080','CASA DE MISERICORDIA PAT','070400012'),
 ('07003092','EL TEMPLE','070400012'),
 ('07003109','PARROQUIAL INMACULADA CONCEPCION','070400012'),
 ('07003134','PARROQUIAL STA CATALINA THOMAS','070400012'),
 ('07003146','PAT VIRGEN DE LA LUZ','070400012'),
 ('07003158','PAR VIRGEN DE LA LUZ PAT','070400012'),
 ('07003161','VIRGEN DE LA SALUD','070400012'),
 ('07003171','CORPUS CHRISTI','070400012'),
 ('07003195','ESC PARROQUIAL BUEN PASTOR','070400012'),
 ('07003213','CEIP RAFAL VELL','070400012'),
 ('07003225','CEIP INFANTE DON FELIPE','070400012'),
 ('07003237','ESPIRITU SANTO MINONAS','070400012'),
 ('07003249','PROGRESO','070400012'),
 ('07003250','CEIP JAFUDÀ CRESQUES','070400012'),
 ('07003262','SANTA MONICA','070400012'),
 ('07003274','S/AMATLER FLORIT','070400012'),
 ('07003286','LA PRESENTACION DE LA VIRGEN MARIA','070400012'),
 ('07003298','SANT FRANCESC','070400012'),
 ('07003304','CEIP ESCOLA GRADUADA','070400012'),
 ('07003316','SAN FRANCISCO DE ASIS','070400012'),
 ('07003328','SAN AGUSTIN','070400012'),
 ('07003331','SAN FELIPE NERI','070400012'),
 ('07003341','PEDRO POVEDA','070400012'),
 ('07003365','CEI NUESTRA SEÑORA DE LA PROVIDENCIA','070400012'),
 ('07003377','SANTISIMA TRINIDAD','070400012'),
 ('07003389','S JUAN','070400012'),
 ('07003390','SANT VICENÇ DE PAÜL','070400012'),
 ('07003407','SANTISIMA TRINIDAD','070400012'),
 ('07003419','LUIS VIVES','070400012'),
 ('07003420','SANT JOSEP OBRER III','070400012'),
 ('07003432','NTRA. SRA. DE LA CONSOLACION','070400012'),
 ('07003444','SANT FRANCESC D\'ASSÍS','070400012'),
 ('07003456','BALMES','070400012'),
 ('07003468','LA MILAGROSA','070400012'),
 ('07003471','JESUS MARIA','070400012'),
 ('07003481','C.E.I. SAGRADOS CORAZONES','070400012'),
 ('07003493','S JOSE','070400012'),
 ('07003501','ARCÀNGEL SANt RAFEL','070400012'),
 ('07003511','PIUS XII','070400012'),
 ('07003523','JAQUOTOT','070400012'),
 ('07003535','COLEGIO MALLORCA','070400012'),
 ('07003547','COL COSTA Y LLOBERA','070400012'),
 ('07003559','SAN JOSE DE LA MONTAÑA','070400012'),
 ('07003560','SANTOS ANGELES','070400012'),
 ('07003572','NUESTRA SEÑORA DE LA ESPERANZA','070400012'),
 ('07003584','CAN DOMENGE','070400012'),
 ('07003596','SAN VICENTE DE PAUL','070400012'),
 ('07003602','MANJON','070400012'),
 ('07003614','NUESTRA SEÑORA DE LAS ESCUELAS PIAS','070400012'),
 ('07003626','SAN FRANCISCO DE ASIS','070400012'),
 ('07003638','LUIS VIVES','070400012'),
 ('07003651','SAN ALFONSO MARIA DE LIGORIO','070400012'),
 ('07003663','LULIANO','070400012'),
 ('07003675','SAGRADO CORAZON','070400012'),
 ('07003687','NUESTRA SEÑORA DE LA CONSOLACION','070400012'),
 ('07003699','JUAN DE LA CIERVA','070400012'),
 ('07003705','CORMENZANA','070400012'),
 ('07003717','SANT PERE','070400012'),
 ('07003729','SANTISIMO SACRAMENTO','070400012'),
 ('07003730','LA INMACULADA','070400012'),
 ('07003742','SAN LUIS GONZAGA','070400012'),
 ('07003766','SANTISIMO REDENTOR','070400012'),
 ('07003778','EI CIUTAT ANTIGA','070400012'),
 ('07003781','KASPERLY','070400012'),
 ('07003791','CEIP MÀXIM ALOMAR JOSA','070400012'),
 ('07003808','COL. PUBL. DE PRACTICAS','070400012'),
 ('07003811','HISPANO','070400012'),
 ('07003821','CEIP MARIAN AGUILÓ','070400012'),
 ('07003833','IES JUNÍPER SERRA','070400012'),
 ('07003845','IES SON PACS','070400018'),
 ('07003857','NUESTRA SEÑORA DE MONTESION','070400012'),
 ('07003869','IES POLITÈCNIC','070400012'),
 ('07003870','IES RAMON LLULL','070400012'),
 ('07003882','IES JOAN ALCOVER','070400012'),
 ('07003894','IES ANTONI MAURA','070400012'),
 ('07003900','CEIP GABRIEL VALLSECA','070400012'),
 ('07003912','ALONSO RODRIGUEZ','070400012'),
 ('07003924','CEI JARDILIN','070400012'),
 ('07003936','STA EULALIA','070400012'),
 ('07003951','C.DE CAPACITACION AGRARIA','070400012'),
 ('07003961','LA GLORIA','070400012'),
 ('07003973','CEE MATER MISERICORDIAE','070400012'),
 ('07004011','CEIP FELIP BAUÇÀ','070400012'),
 ('07004023','CEE SON FERRIOL','070400007'),
 ('07004035','ES. SUP. DE DISSENY I CON. RES. BENS C.','070400012'),
 ('07004060','SAN FRANCISCO DE ASIS','070400014'),
 ('07004084','LA PORCIUNCULA','070400002'),
 ('07004096','SAN FRANCISCO DE ASIS','070400015'),
 ('07004102','CEIP SANT JORDI','070400015'),
 ('07004114','CEIP S\'ARANJASSA','070400001'),
 ('07004126','S FRANCISCO DE ASIS','070400001'),
 ('07004138','CEIP ES SECAR DE LA REAL','070400016'),
 ('07004141','GUILLERMO MESQUIDA','070400010'),
 ('07004163','CEIP SA INDIOTERIA','070400010'),
 ('07004199','SANTA MONICA','070400012'),
 ('07004205','STA TERESA','070400018'),
 ('07004229','CEIP MARIA ANTÒNIA SALVÀ','070400018'),
 ('07004230','CENTRO INTERNACIONAL DE EDUCACION','070400019'),
 ('07004242','S VICENTE DE PAUL','070400019'),
 ('07004254','NUESTRA SEÑORA DE MONTESION','070400019'),
 ('07004266','SANT VICENÇ DE PAÜL','070400019'),
 ('07004278','MADRE ALBERTA','070400012'),
 ('07004291','ESCALAS','070400019'),
 ('07004308','LA PURISIMA','070400019'),
 ('07004311','CEIP SON QUINT','070400019'),
 ('07004321','CEIP ANSELM TURMEDA','070400019'),
 ('07004333','LA SALLE','070400019'),
 ('07004345','CEIP ARIANY','079010001'),
 ('07004369','S FRANCISCO DE ASIS','079010001'),
 ('07004370','SAN FRANCISCO DE ASIS','070410002'),
 ('07004382','CEIP JUNÍPER SERRA','070410002'),
 ('07004400','C.E.I. SAGRADOS CORAZONES','070420004'),
 ('07004412','CEI LA ASUNCION','070080002'),
 ('07004424','CEIP JOAN MAS','070420004'),
 ('07004436','MUNICIPAL GUILLEM CIFRE DE COLONGA','070420004'),
 ('07004448','MONTESION','070420004'),
 ('07004451','CEI SAN VICENTE DE PAUL','070420005'),
 ('07004461','CEIP MIQUEL CAPLLONCH','070420005'),
 ('07004473','ORIENTACION MARITIMO PESQUERA','070420005'),
 ('07004503','CEIP ESCOLA NOVA','070430001'),
 ('07004515','COLEGIO SAN VICENTE PAUL','070430001'),
 ('07004527','PAT S FELIPE NERI','070430001'),
 ('07004539','VERGE DE MONTI-SION','070430001'),
 ('07004552','TESORERO CLADERA','070440001'),
 ('07004564','CEIP  VIALFÀS','070440001'),
 ('07004576','CEIP SA GRADUADA','070440001'),
 ('07004588','SANT FRANCESC D\'ASSÍS','070440001'),
 ('07004591','S FRANCISCO DE ASIS','070440001'),
 ('07004606','C.N. DE F.P. DE 1 GRADO','070440001'),
 ('07004621','CEIP PUIG DE NA FÀTIMA','070450002'),
 ('07004631','CEIP VARA DE REY','070460002'),
 ('07004643','SANTISIMA TRINIDAD','070460002'),
 ('07004667','CEIP BUSCASTELL','070460002'),
 ('07004679','CAN BONET','070460002'),
 ('07004680','CEIP CAN COIX','070460002'),
 ('07004709','SANT MATEU CAP D\'ALT','070460003'),
 ('07004710','CEIP SANT RAFEL','070460004'),
 ('07004734','CEIP SANTA AGNÈS DE CORONA','070460005'),
 ('07004746','SAN FRANCISCO DE ASIS','070470001'),
 ('07004758','CEIP CAN BRIL','070470005'),
 ('07004761','S VICENTE DE PAUL','070470005'),
 ('07004771','CEIP L\'URGELL','070480005'),
 ('07004795','CEIP ES VEDRÀ','070480002'),
 ('07004801','CP LA REVISTA','070480003'),
 ('07004825','CEIP SANT JORDI','070480004'),
 ('07004849','SAN JORGE','070480005'),
 ('07004862','CEIP SON JUNY','070490001'),
 ('07004874','CEI SAN VICENTE DE PAUL','070490001'),
 ('07004904','CEIP LABRITJA','070500001'),
 ('07004931','CEIP BALANSAT','070500003'),
 ('07005003','CEIP MESTRE GUILLEM GALMÉS','070510002'),
 ('07005015','LOS ANGELES','070510002'),
 ('07005039','SAN FRANCISCO DE ASIS','070510003'),
 ('07005064','CEIP SANT LLUÍS','070520014'),
 ('07005076','CEIP MESTRE GUILLEMET','070530004'),
 ('07005088','S FRANCISCO DE ASIS','070530004'),
 ('07005091','CEIP PUIG D\'EN VALLS','070540002'),
 ('07005167','SANTISIMA TRINIDAD','070540004'),
 ('07005192','CEIP SANT CIRIAC','070540004'),
 ('07005234','CEIP SANTA GERTRUDIS','070540005'),
 ('07005246','CEIP VORA MAR','070550001'),
 ('07005258','CEI NUESTRA SEÑORA DE LA CONSOLACION','070550002'),
 ('07005261','CEIP ELEONOR BOSCH','070550002'),
 ('07005295','CEIP MELCIOR ROSSELLÓ I SIMONET','070560001'),
 ('07005301','RAMON LLULL','070560001'),
 ('07005313','RAMON LLULL','070560001'),
 ('07005325','SAN FRANCISCO DE ASIS','070570001'),
 ('07005362','SAN FRANCISCO DE ASIS','070570004'),
 ('07005386','S FRANCISCO DE ASIS','070570006'),
 ('07005398','CEIP BLAI BONET','070570008'),
 ('07005404','CEI SAN FRANCISCO DE ASIS','070570008'),
 ('07005416','BISBE VERGER','070570008'),
 ('07005428','COL SAN FRANCISCO DE ASIS','070580001'),
 ('07005453','CEIP ES PUTXET','070580004'),
 ('07005465','S FRANCISCO DE ASIS','070580004'),
 ('07005477','S FRANCISCO DE ASIS','070580004'),
 ('07005489','S FRANCISCO DE ASIS','070590002'),
 ('07005490','CEIP SES SALINES','070590003'),
 ('07005507','COL S FRANCISCO DE ASIS','070590003'),
 ('07005519','S FRANCISCO DE ASIS','070590003'),
 ('07005520','CEI SAN VICENTE DE PAUL','070600001'),
 ('07005532','CEIP SA QUINTANA','070600001'),
 ('07005568','EI L\'HORTA','070610002'),
 ('07005581','S VICENTE DE PAUL','070610003'),
 ('07005593','CEIP ES FOSSARET','070610004'),
 ('07005601','CEIP SES MARJADES','070610004'),
 ('07005611','SANT VICENÇ DE PAÜL','070610004'),
 ('07005623','SAGRATS CORS','070610004'),
 ('07005635','PATRONATO S FELIPE NERI','070610004'),
 ('07005647','ADEMA-ESCUELA DENTAL MALLORCA','070400012'),
 ('07005660','CEIP ES PUIG','070610004'),
 ('07005684','CEIP JAUME FORNARIS I TALTAVULL','070620008'),
 ('07005696','CEI SAN FRANCISCO DE ASIS','070620008'),
 ('07005738','SAN FRANCISCO DE ASIS','070630004'),
 ('07005751','CEIP ÀNGEL RUIZ I PABLO','070640002'),
 ('07005763','ESC GRA DE PATRONATO DIOCESANO','070640002'),
 ('07005775','C. DE PREES.','070640002'),
 ('07005787','CEIP ES CREMAT','070650001'),
 ('07005799','SAN VICENTE DE PAUL','070650001'),
 ('07005817','EI SANTA CATALINA','070400012'),
 ('07005829','GUILLEM COLOM','070610004'),
 ('07005878','MARIA Y JOSE','070400012'),
 ('07005891','CEE JOAN MESQUIDA','070330006'),
 ('07005908','JUAN XXIII','070270001'),
 ('07005911','PINYOL VERMELL DE EDUC.Y REHAB.PARAL.CER','070400012'),
 ('07005921','CEIP REINA SOFIA','070220004'),
 ('07005933','CEIP ES PIL·LARÍ','070400013'),
 ('07005945','CEIP SON SERRA','070400019'),
 ('07005957','SAN FRANCISCO DE ASIS','070400013'),
 ('07005969','C.E.T.A.','070400012'),
 ('07005970','CEIP FORNELLS','070370001'),
 ('07005982','CEIP RAFAL NOU','070400012'),
 ('07005994','CEIP CAMILO JOSÉ CELA','070400012'),
 ('07006007','CEIP SON OLIVA','070400012'),
 ('07006019','SAN ALFONSO I','070220003'),
 ('07006020','CONSELLERIA D\'EDUCACIÓ I CULTURA','070400012'),
 ('07006032','COL.EDU.ESPECIAL VIRGEN DE LA SALUD','070400012'),
 ('07006044','E.U.DE ESTUDIOS EMPRESARIALES','070400012'),
 ('07006056','E.U.DE PROF.DE E.G.B.','070400012'),
 ('07006068','E.U.DE RELACIONES PUBLICAS','070400012'),
 ('07006071','F.DE CIENCIAS','070400012'),
 ('07006093','F.DE FILOSOFIA Y LETRAS','070400012'),
 ('07006111','E.U.DE PROF.DE E.G.B.\'ALBERTA GIMENEZ\'','070400012'),
 ('07006123','CIRCULO ECCA','070400012'),
 ('07006135','UNIVERSIDAD DE ISLAS BALEARES','070400012'),
 ('07006147','F.DE DERECHO','070400012'),
 ('07006159','IES PERE DE SON GALL','070310003'),
 ('07006160','CEIP TORRES DE BALÀFIA','070500002'),
 ('07006172','JOAN MIRO','070610004'),
 ('07006184','CEIP MIGJORN','070220001'),
 ('07006196','S\'ESTEL','070400012'),
 ('07006202','CEIP SANT CARLES','070540003'),
 ('07006226','IES JOAN TAIX','070440001'),
 ('07006238','IES FRANCESC DE BORJA MOLL','070400012'),
 ('07006251','CP BANYALBUFAR','070070001'),
 ('07006263','CEIP MIGJORN','070110013'),
 ('07006275','CEIP S\'ALGAR','070220006'),
 ('07006287','CEIP PERE CERDÀ','070610003'),
 ('07006299','IES SA BLANCA DONA','070260001'),
 ('07006305','IES LLORENÇ GARCIES I FONT','070060001'),
 ('07006317','CEIP MIQUEL COSTA I LLOBERA','070420004'),
 ('07006329','CEIP SANT MIQUEL','070510003'),
 ('07006330','CEIP NICOLAU CALAFAT','070630004'),
 ('07006342','CEIP MARE DÉU DE LA CONSOLACIÓ','070570001'),
 ('07006354','CEIP S\'AUBA','070140001'),
 ('07006366','CEIP SA BLANCA DONA','070260001'),
 ('07006378','CEIP MATEU FONTIRROIG','070320010'),
 ('07006381','SON XIMELIS','070400019'),
 ('07006408','COLLEGE FRANÇAIS','070480005'),
 ('07006411','BELLVER INTERNAT. COLLEGE (BRITANICO)','070400012'),
 ('07006421','QUEEN\'S COLLEGE (BRITANICO)','070400012'),
 ('07006433','COLLEGE FRANÇAIS','070400012'),
 ('07006445','Baleares Internacional College','070110010'),
 ('07006457','MORNA VALLEY SCHOOL (BRIT ANICO)','070540003'),
 ('07006469','CEE PRINCIPE DE ASTURIAS','070360003'),
 ('07006470','IES GUILLEM CIFRE DE COLONYA','070420004'),
 ('07006482','MATA DE JONC','070400012'),
 ('07006494','HEIDI','070400012'),
 ('07006500','SANT JOSEP OBRER I','070400012'),
 ('07006512','IES GUILLEM SAGRERA','070400012'),
 ('07006524','CEIP ROSA DELS VENTS','070060002'),
 ('07006536','ES JONQUET','070400012'),
 ('07006548','COLEGIO APOSTOLADO GITANO','070400012'),
 ('07006551','CEIP CASABLANCA','070400005'),
 ('07006561','CEIP ES TORRENTET','070580001'),
 ('07006573','CEIP SES ROQUES','070580002'),
 ('07006585','CAP DE BARBARIA','070240002'),
 ('07006603','EI SON ROCA','070400019'),
 ('07006615','AMERICAN INTERNATIONAL SCHOOL','070110011'),
 ('07006627','DEL IFP. DE MAHON','070150003'),
 ('07006639','INST. DE F.P.','070220003'),
 ('07006640','COLEGIO APOSTOLADO GITANO','070400017'),
 ('07006652','SPEEDY','070260001'),
 ('07006664','ES LICEU','070360004'),
 ('07006676','EI S\'ARENAL','070400002'),
 ('07006688','CEIP NA CARAGOL','070060001'),
 ('07006691','CEIP ES PONT','070400012'),
 ('07006706','CEIP SANT MATEU DE BAIX','070460003'),
 ('07006721','E.U.DE ENFERMERIA','070400012'),
 ('07006731','SAN ANTONIO ABAD','070400012'),
 ('07006743','GASPAR HAUSER (C.ESPECIF.NIÑOS AUTISTAS)','070400012'),
 ('07006755','AULA BALEAR','070400012'),
 ('07006767','AULA BALEAR','070400019'),
 ('07006779','CEE PINYOL VERMELL','070360004'),
 ('07006792','CENTRO DE F.P. DE 2GRADO LA CAIXA','070400012'),
 ('07006809','CEIP JAUME I','070110009'),
 ('07006810','CONS. PROF. DE MÚSICA I DANSA DE MALLORC','070400012'),
 ('07006834','TRAMUNTANA','070400012'),
 ('07006846','SAN ALFONSO','070220003'),
 ('07006858','ACADEMIA MARIN - CENTRO DE EPA','070400012'),
 ('07006861','CEIP SON ANGLADA','070400019'),
 ('07006871','MARE DE DÉU DE LES NEUS','070480004'),
 ('07006883','COLEGIO SUECO','070400012'),
 ('07006895','CEIP PINTOR JOAN MIRÓ','070400012'),
 ('07006901','EEI SANTIAGO APÒSTOL','070400012'),
 ('07006913','CP VIRGEN DE LORETO','070400012'),
 ('07006925','IES SON RULLAN','070400012'),
 ('07006937','CEIP SANTA MARIA DEL MAR','070570002'),
 ('07006950','C.E.I. BENDINAT','070110011'),
 ('07006962','CEIP CERVANTES','070460002'),
 ('07006974','ACADEMIA FLEMING - CENTRO DE EPA','070400012'),
 ('07006986','EL ROSSINYOL','070420004'),
 ('07006998','CEPA SON CANALS','070400012'),
 ('07007000','CEIP SON VERÍ','070310001'),
 ('07007012','E.E. CAN CIFRE','070480004'),
 ('07007024','C.P. DE E.E.','070360003'),
 ('07007048','CEIP PUIG DE SA GINESTA','070110012'),
 ('07007051','IES CAN PEU BLANC','070440001'),
 ('07007061','CEIP GUILLEM DE MONTGRÍ','070460002'),
 ('07007073','CEIP NOSTRA SENYORA DE JESÚS','070540001'),
 ('07007085','CEIP COLÒNIA DE SANT JORDI','070590002'),
 ('07007097','CEIP MITJÀ DE MAR','070330009'),
 ('07007103','CP ES PINARET','070360004'),
 ('07007115','CEPA PITIÜSES','070260001'),
 ('07007127','CEPA JOAN MIR I MIR','070320010'),
 ('07007139','SAN ANTONIO ABAD','070400007'),
 ('07007152','IES JOAN MARIA THOMÀS','070400012'),
 ('07007164','ACADEMIA SAN MIGUEL - CENTRO DE E.P.A.','070400012'),
 ('07007176','SANTA PONSA','070110012'),
 ('07007188','ESCOLA D\'ART DE MENORCA','070320010'),
 ('07007191','ESCOLA OFICIAL D\'IDIOMES DE PALMA','070400012'),
 ('07007206','COLEGIO EUROPEO CAN BLAU','070480002'),
 ('07007221','NUESTRA SEÑORA DE LA CONSOLACION','070400010'),
 ('07007231','CEIP ELS M0LINS','070050004'),
 ('07007243','CEIP GASPAR SABATER','070100004'),
 ('07007255','CEIP CAS SABONERS','070110007'),
 ('07007267','CEIP SON FERRER','070110017'),
 ('07007279','CEIP POETA VILLANGÓMEZ','070260001'),
 ('07007310','CEIP PUNTA DE N\'AMER','070510005'),
 ('07007322','CEIP SANTA EULÀRIA','070540004'),
 ('07007334','CEIP NA PENYAL','070620003'),
 ('07007346','THE ACADEMY COLEGIO BILINGÜE (BRITANICO)','070360003'),
 ('07007358','SEMINARIO MENOR NTRA. SRA. DE LLUC','070190003'),
 ('07007361','CEIP NORAI','070030003'),
 ('07007371','IES MADINA MAYURQA','070400012'),
 ('07007383','GUILLEM COLOM CASASNOVAS','070610004'),
 ('07007395','STYLUNIC S.A. CENTRO DE PELUQUERIA','070400012'),
 ('07007401','TEIX','070400012'),
 ('07007516','CEIP SES ROTES VELLES','070110012'),
 ('07007528','F.DE CIENCIAS ECONOMICAS Y EMPRESARIALES','070400012'),
 ('07007531','NULL','070190003'),
 ('07007541','CEIP CAN GUERXO','070480004'),
 ('07007553','IES QUARTÓ DE PORTMANY','070460002'),
 ('07007577','E.U.DE TRABAJO SOC.ESTUDIO GRAL.LULIANO','070400012'),
 ('07007589','F.DE INFORMATICA','070400012'),
 ('07007590','SCAL-MAGALLUF','070110010'),
 ('07007607','IES JOSEP MIQUEL GUÀRDIA','070020001'),
 ('07007620','E.U. POLITECNICA','070400012'),
 ('07007632','INST.DE BACH.','070110012'),
 ('07007644','CEIP MESTRE LLUÍS ANDREU','070240007'),
 ('07007656','ESCOLANIA DE BLAVETS','070190003'),
 ('07007668','CEPA CIUTADELLA','070150003'),
 ('07007671','CEPA FRANCESC DE BORJA MOLL','070270001'),
 ('07007681','CEPA LLEVANT','070330006'),
 ('07007693','CEPA LA BALANGUERA','070400012'),
 ('07007701','CEIP PINTOR TORRENT','070150003'),
 ('07007711','CEIP JAUME VIDAL I ALCOVER','070330006'),
 ('07007723','CEIP S\'OLIVAR','070580003'),
 ('07007735','FRANCESC DE BORJA MOLL','070400002'),
 ('07007747','IES JOSEP SUREDA I BLANES','070400012'),
 ('07007759','IES XARC','070540004'),
 ('07007760','E.U.DE GRADUADOS SOCIALES','070400012'),
 ('07007772','EI PAULA TORRES','070400012'),
 ('07007784','CEIP SANT DOMINGO','070570006'),
 ('07007796','IES JOSEP MARIA LLOMPART','070400012'),
 ('07007802','IES MARC FERRER','070240007'),
 ('07007814','CEIP CAN CANTÓ','070260001'),
 ('07007826','CEIP S\'ALBUFERA','070030003'),
 ('07007838','IES SES ESTACIONS','070400012'),
 ('07007841','PAU CASESNOVES','070270001'),
 ('07007851','IES ALCÚDIA','070030003'),
 ('07007863','COLEGIO ALEMAN DE MALLORCA','070080002'),
 ('07007875','F.DE EDUCACION','070400012'),
 ('07007887','CEIP TRESORER CLADERA','070440001'),
 ('07007899','IES CALVIÀ','070110012'),
 ('07007905','IES FELANITX','070220003'),
 ('07007917','IES GUILLEM COLOM CASASNOVES','070610004'),
 ('07007929','IES ALGARB','070480004'),
 ('07007930','IES ARXIDUC LLUÍS SALVADOR','070400012'),
 ('07007942','IES AURORA PICORNELL','070400012'),
 ('07007954','IES CAP DE LLEVANT','070320010'),
 ('07007966','EI  SANT JOSEP','070320010'),
 ('07007978','IES PAU CASESNOVES','070270001'),
 ('07007981','EI ES MUSSOL','070150003'),
 ('07007991','ASSOCIACIO AULA CULTURAL','070400012'),
 ('07008004','IES ALBUHAIRA','070390001'),
 ('07008016','IES EMILI DARDER','070400012'),
 ('07008028','S\'ARENAL II','070400002'),
 ('07008031','CEIP TALAIOT','070330002'),
 ('07008041','CEIP BADIES','070310005'),
 ('07008053','IES SANTANYÍ','070570008'),
 ('07008065','IES S\'ARENAL','070310001'),
 ('07008077','CONSERVATORI SUP. DE MÚSICA I DANSA','070400012'),
 ('07008089','IES SA COLOMINA','070260001'),
 ('07008090','CEI LA CUNA','070310003'),
 ('07008107','IES CAN PEU BLANC','070440001'),
 ('07008119','CONS. PROF. MÚSICA I DANSA DE MENORCA','070320010'),
 ('07008120','GRUP D\'ORIENTACIÓ EMPRESARIAL','070400012'),
 ('07008132','ESCOLA DE MÚSICA SANTA MÒNICA','070400012'),
 ('07008144','ESCOLA DE DANSA SANT JAUME','070400012'),
 ('07008156','OMNIUM EDUCATIVO','070400007'),
 ('07008168','AULA SON SERVERA','070620008'),
 ('07008171','CEPA ARTÀ','070060001'),
 ('07008181','CEPA MANCOMUNITAT DES PLA','070650001'),
 ('07008193','AULA ALAIOR','070020001'),
 ('07008201','AULA SANTA EULÀRIA','070540004'),
 ('07008211','CEPA SANT ANTONI','070460002'),
 ('07008223','CEPA CAMP RODÓ','070400012'),
 ('07008235','CEPA CALVIÀ','070110007'),
 ('07008247','CEPA ALCÚDIA','070030001'),
 ('07008259','CEI L\'ESCOLETA','070420004'),
 ('07008260','CEI ITACA','070400012'),
 ('07008272','EI FORT DE L\'EAU','070320010'),
 ('07008284','FORMACION Y SERVICIOS MAYO','070400012'),
 ('07008296','EI TONINAINA','070270001'),
 ('07008302','EI I ES BUSQUERETS','070320010'),
 ('07008314','CEI SAN VICENTE DE PAUL','070400012'),
 ('07008326','CEE JUAN XXIII','070270001'),
 ('07008338','IES BALTASAR PORCEL','070050001'),
 ('07008341','IES CAPDEPERA','070140002'),
 ('07008351','IES SANTA MARGALIDA','070550002'),
 ('07008363','IES SON FERRER','070110017'),
 ('07008375','IES PUIG DE SA FONT','070620008'),
 ('07008387','IES BIEL MARTÍ','070230001'),
 ('07008399','CEI SAN ALFONSO','070220003'),
 ('07008405','CEE GASPAR HAUSER','070400012'),
 ('07008417','ESCOLA DE FORMACIO EN MITJANS DIDACTICS','070400012'),
 ('07008429','CEI BEATRIZ','070260001'),
 ('07008430','EI  SANT CLIMENT','070320012'),
 ('07008442','BELA BARTOK','070400012'),
 ('07008454','IES DAMIÀ HUGUET','070130001'),
 ('07008466','CEIP PUIG DE SA MORISCA','070110012'),
 ('07008478','ESCOLA OFICIAL D\'IDIOMES DE MAÓ','070320010'),
 ('07008481','IES SINEU','070600001'),
 ('07008491','CEI SOL IXENT','070270001'),
 ('07008508','NULL','070400019'),
 ('07008511','IES LLUCMAJOR','070310003'),
 ('07008521','COLEGIO ESCANDINAVO (AL.EXTR.)','070400012'),
 ('07008533','CEI JOGUINA','070150003'),
 ('07008545','ES LICEU','070360004'),
 ('07008557','CEI SON GOTLEU','070400012'),
 ('07008569','CEI ES FABIOL','070150003'),
 ('07008570','CEI XIPELL','070150003'),
 ('07008636','CEI PINOCHO','070400012'),
 ('07008648','CONS.PROF.DE MUSIC.I DANS.D\'EIVISSA I FO','070260001'),
 ('07008651','CREU ROJA','070400012'),
 ('07008703','CENTRE AUT. G.E. MÚSICA SANT JOSEP OBRER','070400012'),
 ('07008715','EDIB','070400012'),
 ('07008727','BALMES','070400012'),
 ('07008752','CEIP S\'HORT DES FASSERS','070030001'),
 ('07008764','CEI S\'AUCELLET','070310001'),
 ('07008776','MESTRAL','070260001'),
 ('07008788','CEIP FORNALUTX','070250001'),
 ('07008791','CENTRE DE FORMACIÓ PROFESSIONAL SOL','070400012'),
 ('07008806','CENTRE DE FORMACIÓ PROFESSIONAL MENORCA','070320010'),
 ('07008818','IES MARRATXÍ','070360004'),
 ('07008821','CEI SON OLIVA','070400012'),
 ('07008831','CEIMA','070270001'),
 ('07008843','IES PORT DE POLLENÇA','070420005'),
 ('07008855','IES BENDINAT','070110013'),
 ('07008867','IES SANT AGUSTÍ','070480002'),
 ('07012834','ESCOLA OFICIAL D\'IDIOMES D\'INCA','070270001'),
 ('07012846','ESCOLA OFICIAL D\'IDIOMES DE MANACOR','070330006'),
 ('07012858','CEIP PORT DE POLLENÇA','070420005'),
 ('07012861','KING RICHARD III COLLEGE','070110011'),
 ('07012871','ALEMÁN CAN HASSO DE MALLORCA','070110007'),
 ('07012883','CEIP CALONGE','070570004'),
 ('07012895','CEIP SON RULLAN','070400012'),
 ('07012901','ESCOLETA MUNICIPAL DE SANTA EUGÈNIA','070530004'),
 ('07012913','EI ES SOLEIET','070640002'),
 ('07012925','IES A DISTÀNCIA A LES ILLES BALEARS','070400012'),
 ('07012937','CEI SANT FRANCESC D\'ASSÍS','070400013'),
 ('07012949','EI NINS I NINES','070330006'),
 ('07012950','EI SES CANALETES','070520014'),
 ('07012962','IES BALÀFIA','070500002'),
 ('07012974','CEIP MARGALIDA FLORIT','070150003'),
 ('07012986','EI HUIALFÀS','070440001'),
 ('07012998','CEIP DE SON CALIU','070110009'),
 ('07013000','EI CA SES MONGES','070100002'),
 ('07013012','CEI MAMÁ OSA','070400012'),
 ('07013024','EI S\'ESTOL DEL REI EN JAUME','070030003'),
 ('07013036','DEUTSCHE SCHULE MALLORCA','070400012'),
 ('07013048','CEIP S\'OLIVERA','070540002'),
 ('07013051','EI BENDINAT','070110013'),
 ('07013073','EI NA BURGUESA','070110009'),
 ('07013085','COOPERATIVA SON VERÍ NOU','070310011'),
 ('07013097','ESCOLA OFICIAL D\'IDIOMES DE CALVIÀ','070110013'),
 ('07013103','EI DIRECCIÓ DEL SECTOR NAVAL','070400012'),
 ('07013115','EI EL SOL','070050001'),
 ('07013127','CEIP CAS CAPISCOL','070400012'),
 ('07013139','IES LA RIBERA','070400020'),
 ('07013140','IES BINISSALEM','070080002'),
 ('07013152','IES PORRERES','070430001'),
 ('07013164','IES JOSEP FONT I TRIAS','070200002'),
 ('07013176','EI OCELL DEL PARADÍS','070110017'),
 ('07013188','CEI ASIMA','070400012'),
 ('07013191','CEI SOL I LLUNA','070400014'),
 ('07013206','CEIP VÉNDA D\'ARABÍ','070540004'),
 ('07013218','EI SANTA PONÇA','070110012'),
 ('07013221','CEIP SES CASES NOVES','070360004'),
 ('07013231','EI  ES PASSERELLS','070320010'),
 ('07013243','EI MARIA MUT I MANDILEGO','070400012'),
 ('07013255','EI BINIPETIT','070080002'),
 ('07013267','EI ROSER GENER','070150003'),
 ('07013279','CEPA AMANECER','070400012'),
 ('07013280','EI ESTRELLA DE MAR','070060002'),
 ('07013292','ESADIB','070400012'),
 ('07013309','EI FLOR DE MURTA','070040001'),
 ('07013310','ACADEMIA FLEMING','070400012'),
 ('07013322','EI SA ROTA','070600001'),
 ('07013334','CEIP SON BASCA','070440001'),
 ('07013346','EI D\'ESPORLES','070200002'),
 ('07013358','CEIP NOVA CABANA','070360004'),
 ('07013361','CEIP CAN RASPALLS','070480004'),
 ('07013371','IES PORTO CRISTO','070330009'),
 ('07013383','IES CENTRE DE TECNIFICACIÓ ESPORTIVA ILL','070400012'),
 ('07013395','CEIP URBANITZACIONS DE LLUCMAJOR','070310005'),
 ('07013401','CEIP SON PISÀ','070400012'),
 ('07013413','SON FUSTER NOU','070400012'),
 ('07013425','CONSERVATORI MUNICIPAL DE PALMA','070400012'),
 ('07013437','EI ES PICAROL','070110008'),
 ('07013449','CEI POPORIOL','070410002'),
 ('07013450','EI SANTA CREU','070400012'),
 ('07013462','CEI SIERVAS DE JESÜS','070400012'),
 ('07013474','EI MAGALUF','070110007'),
 ('07013486','CEI TERINGA','070400012'),
 ('07013498','CIFP JOAN TAIX','070440001'),
 ('07013504','EI ES VEDELLET','070110018'),
 ('07013516','TAMARELL','070400012'),
 ('07013528','ÀNCORA','070400012'),
 ('07013531','CEI  ALADERN','070400012'),
 ('07013541','EI PERE OLIVER I DOMENGE','070220003'),
 ('07013553','CEIP SA MARINA DE LLUCMAJOR','070310003'),
 ('07013565','CEIP SANT ANTONI','070460002'),
 ('07013577','CEIP ES PRATET','070260001'),
 ('07013589','CEI ITACA NOVA','070400012'),
 ('07013590','IES PORT D\'ALCÚDIA','070030003'),
 ('07013607','EI S\'ESCOLETA DE VILA','070260001'),
 ('07013619','EI ES POUET','070020001'),
 ('07013620','CIFP NAUTICOPESQUERA','070400012'),
 ('07013632','CEIP MESTRE DURAN','070020001'),
 ('07013644','CEIP MIQUEL DURAN I SAURINA','070270001'),
 ('07013656','ÀGORA PORTALS','070110011'),
 ('07013668','EI FRANCESC DE BORJA MOLL','070150003'),
 ('07013671','EI VERGE DE LA SALUT','070400012'),
 ('07013681','EI MAGDALENA HUMBERT','070320010'),
 ('07013693','EI ERIÇONS','070140001'),
 ('07013701','CEI MAFALDA','070480004'),
 ('07013711','CEI HAMELIN','070360001'),
 ('07013723','CEI RIN TIN TIN','070400012'),
 ('07013735','CEIP BINISSALEM','070080002'),
 ('07013747','EI CAN ALONSO','070400012'),
 ('07013759','CEI MÓN PETIT','070030003'),
 ('07013760','CEI ANGELETS 2008','070310003'),
 ('07013772','EI VIRGEN DE LORETO','070400017'),
 ('07013784','EI CAS SERRES','070260001'),
 ('07013796','EI ES NIERÓ','070010001'),
 ('07013802','EI ELS LLAPIS','070160001'),
 ('07013814','EI ES FAMELIAR','070540004'),
 ('07013826','EI SES PAÏSSES','070460002'),
 ('07013838','EI ES MOLINET','070110012'),
 ('07013841','EI CALA DE BOU','070480002'),
 ('07013851','CEI ES PETIT CASTELL','070400012'),
 ('07013863','CEIP MOLÍ D\'EN XEMA','070330006'),
 ('07013875','EI LA MIRANDA','070240007'),
 ('07013887','CEI PICA-SOL','070310003'),
 ('07013899','CEPA SUD','070130001'),
 ('07013905','CEPA SA POBLA','070440001'),
 ('07013917','AULA SÓLLER','070610004'),
 ('07013929','CEI AMIGUETS','070400012'),
 ('07013930','CEI D\'ARREL','070130001'),
 ('07013942','EI ARC DE SANT MARTÍ','070370002'),
 ('07013954','CEI SON LLÀTZER','070400012'),
 ('07013966','CEI CONFITS','070440001'),
 ('07013978','EI NA POL','070510005'),
 ('07013981','EI CARD','070510002'),
 ('07013991','EI CAMPANET','070120001'),
 ('07014004','CEI Hobbiton','070400012'),
 ('07014016','CEI PEKES','070400012'),
 ('07014028','EI TAPERONS','070130001'),
 ('07014031','EI XIBIT','079020001'),
 ('07014041','EI SANTANY','070570008'),
 ('07014053','EI CALA D\'OR','070570002'),
 ('07014065','EI ES PI GROS','070560001'),
 ('07014077','EI ES PORIOL','070150003'),
 ('07014089','EI JOGUINA','070150003'),
 ('07014090','EI ES FARALLÓ','070220006'),
 ('07014107','CEI SERRA MAMERRA','070400012'),
 ('07014119','CEI PETITS FERRERETS','070360004'),
 ('07014120','CEI MONDAURA','070220004'),
 ('07014132','CEI MEL I SUCRE','070400012'),
 ('07014144','IES SANT ANTONI','070460002'),
 ('07014156','CEIP NOU DE SANT LLUIS','070520014'),
 ('07014168','AULA MAÓ','070320010'),
 ('07014171','CEI SIETE ENANITOS','070400012'),
 ('07014181','CEI PATIM PATAM','070400012'),
 ('07014193','CEI NIT I DIA','070400012'),
 ('07014201','EI SON FERRIOL','070400012'),
 ('07014211','EI POU DE SA LLUNA','070060001'),
 ('07014223','EI ES FERRERET','070140002'),
 ('07014235','EI SON CARRIÓ','070510002'),
 ('07014247','CUCARELLS','070650001'),
 ('07014259','EI SA PILOTA','070030001'),
 ('07014260','EI LA GOLA','070420005'),
 ('07014284','EI SANTA MARGALIDA','070550002'),
 ('07014296','EI ES MOLINAR','070400012'),
 ('07014302','EI SON ESPANYOLET','070400012'),
 ('07014314','EI ES SALUET','070050003'),
 ('07014326','CEI BLANCANIEVES','070540004'),
 ('07014338','EI LLORET','070280001'),
 ('07014341','CEI S\'ESTEL','070400012'),
 ('07014351','EI MONTAURA','070340001'),
 ('07014363','SES CASES NOVES','070360004'),
 ('07014375','EI SENCELLES','070470005'),
 ('07014405','EI SA GALLINETA ROSSA','070380001'),
 ('07014417','SA SITRA','070430001'),
 ('07014429','EI COLÒNIA DE SANT JORDI','070590002'),
 ('07014430','EI ES VERGER','070180001'),
 ('07014442','EI PUIGPUNYENT','070450002'),
 ('07014454','EI VALLDEMOSSA','070630004'),
 ('07014466','EI SA GALERA','070150003'),
 ('07014478','EI ES CASTELL','070640002'),
 ('07014481','EI FERRERIES','070230001'),
 ('07014491','EI CAP DE CREUS','070320010'),
 ('07014511','EI BENIRRÀS','070500003'),
 ('07014545','CEI MÓN PETITÓ','070400012'),
 ('07014557','ESCOLA DE MÚSICA CIDE','070400012'),
 ('07014569','ESCOLA INFANTIL MENUTS','070540005'),
 ('07014570','EI SON BOGA','070330006'),
 ('07014582','PONT D\'INCA NOU','070360004'),
 ('07014594','EI PENYASEGAT','070310003'),
 ('07014600','SA MILOCA','070220003'),
 ('07014612','EI CAN CANTÓ','070260001'),
 ('07014624','CEI SANT AGUSTÍ','070400012'),
 ('07014636','CEI MENUDALL','070080002'),
 ('07014648','CEI BABERITOS','070400006'),
 ('07014651','CEI PETIT MÓN','070330009'),
 ('07014661','CEI MARIA SERRA','070400012'),
 ('07014673','CEI PETITS','070460002'),
 ('07014685','CEI CHIQUITIN','070460002'),
 ('07014697','CEI ROPIT','070400012'),
 ('07014703','CIFP  SON LLEBRE','070360003'),
 ('07014727','CEI SANT PAU','070400012'),
 ('07014739','CEI ESCOLA NOVA','070400012'),
 ('07014740','CEI GIANNNI RODARI','070400012'),
 ('07014752','CEI SA COSTURETA','070400012'),
 ('07014764','CEI Hyades','070400012'),
 ('07014776','CEI 101 DÀLMATAS','070360004'),
 ('07014788','EI PALMANOVA','070110009'),
 ('07014791','CEI VOLIAINA','070420004'),
 ('07014806','CEI ÀNGEL DE LA GUARDA','070400012'),
 ('07014818','CEI El Trenet Blau','070480004'),
 ('07014831','EI ES ROSER','070580004'),
 ('07014843','ES FIETS','070370002'),
 ('07014855','ES PONTET','070400012'),
 ('07014867','KOALA POLIGON','070400012'),
 ('07014879','IES SANT MARÇAL','070560001'),
 ('07014880','CIFP PER A L\'ESPORT','070400012'),
 ('07014909','IES SANTA MARIA','070560001'),
 ('07014910','CEIP NOU DE CAMPOS','070130001'),
 ('07014922','CIFP CAN MARINES','070260001'),
 ('07014946','CEI PETER PAN','070400012'),
 ('07014958','EDIB Centre Estranger d\'Ensenyaments Pro','070400012'),
 ('07014961','CEI SA MILOCA','070400012'),
 ('07014971','CEI PETER PAN','070360004'),
 ('07014983','CONSORCI ESCOLA BALEAR DE L\'ESPORT','070400012'),
 ('07500002','PROGRAMA DE E.P.A.','070400012'),
 ('07500014','PROGRAMA DE F.I. OCUPACIONAL','070400012'),
 ('07500026','PROGRAMA DE EDUCACION ESPECIAL','070400012'),
 ('07500038','PROGRAMA DE FORMACION DEL PROFESORADO','070400012'),
 ('07500041','PROGRAMA PARA LA SALUD','070400012'),
 ('07500051','PROGRAMA DE PADRES Y ALUMNOS','070400012'),
 ('07500063','PROGRAMA D\'EDUCACIO INTERCULTURAL','070400012'),
 ('07500087','CENTRE D\'INF. I DOCUMENTACIÓ EPA','070400012'),
 ('07500105','CENTRO DE RECURSOS DE FORMENTERA','070240007'),
 ('07500117','SERVEI DE PUBLICACIONS','070400012'),
 ('07500120','CAMP D\'APRENENTATGE D\'ES PINARET','070150003'),
 ('07500130','CAMP D\'APRENENTATGE SON FERRIOL','070400012'),
 ('07500142','CAMP D\'APRENENTATGE D\'ES PALMER','070130001'),
 ('07500154','CAMPS D\'APRENENTATGE DE BALEARS','070400012'),
 ('07500166','CAMP D\'APRENENTATGE SA CALA','070500004'),
 ('07500178','CAMP D\'APRENENTATGE DE FORMENTERA','070240007'),
 ('07500181','CAMP D\'APRENENTATGE DE FAR DE CAVALLERIA','070370002'),
 ('07500191','CENTRE D\'APRENENTATGE CIENTIFICOMATEMÀTI','070400012'),
 ('07500208','EQUIP ITINERANT PER A INVIDENTS','070400012'),
 ('07500211','CAMP D\'APRENENTATGE D\'ORIENT','070400012'),
 ('07500221','CEA LLUCMAJOR','070310001'),
 ('07500233','AULA HOSPITALÀRIA SON ESPASES','070400012'),
 ('07500234','AULAS HABILITADAS','070030003'),
 ('07500241','EQUIP SUPORT ALUMNES DÈFIC. VISUAL PALMA','070400012'),
 ('07500245','EQUIP SUPORT ALUMNES DÈFICIT VISUAL MAÓ','070320010'),
 ('07500300','EQUIP DE SUPORT A L\'ENSENYAMENT DE LA LL','070320010'),
 ('07500324','EQUIP SUPORT ALUMNES DÈFICIT VISUAL EIVI','070260001'),
 ('07500348','C.R.I.E. BALEARES','070400007'),
 ('07500351','UNITAT TERAPEUTICA DE SUPORT','070400012'),
 ('07500361','CAMP D\'APRENENTATGE DE BINIFALDÓ','070190003'),
 ('07500403','AMPLIACION ESCUELA OFICIAL DE IDIOMAS','070260001'),
 ('07500415','AMPLIACION ESCUELA OFICIAL DE IDIOMAS','070320010'),
 ('07500427','AMPL.ESCOLA OFICIAL D\'IDIOMES A MANACOR','070330006'),
 ('07500439','AMPL.ESCOLA OFICIAL IDIOMES A FORMENTERA','070240007'),
 ('07500440','AMPL.ESCOLA OFICIAL IDIOMES A CIUTADELLA','070150003'),
 ('07500452','CONSERVATORI PROF. DE MUSICA D\'EIVISSA','070260001'),
 ('07500464','CONSERVATORI PROF. DE MUSICA DE MENORCA','070320010'),
 ('07500476','AMPL. ESCOLA OFICIAL D\'IDIOMES A INCA','070270001'),
 ('07500488','AMPL. ESCOLA OFICIAL D\'IDIOMES A CALVIÀ','070110017'),
 ('07500701','ES FUSTERET','070400012'),
 ('07500702','ES PINARET','070360004'),
 ('07500703','AULA EIVISSA','070480004'),
 ('07500713','NIU JOVE','070400012'),
 ('07501006','SINDICAT CCOO','070400012'),
 ('07501018','SINDICAT CSIF','070400012'),
 ('07501021','SINDICAT STEI','070400012'),
 ('07501031','SINDICAT ANPE','070400012'),
 ('07501043','SINDICAT UGT','070400012'),
 ('07501055','SINDICAT STIB','070400012'),
 ('07502001','CONSELLERIA DE TURISME','070400012'),
 ('07502002','CONSELLERIA D\'ECONOMIA','070400012'),
 ('07502004','CONSELLERIA DE PRESIDÈNCIA','070400012'),
 ('07506021','SEU TERRITORIAL INSPECCIÓ MALLORCA','070400012'),
 ('07506028','ALMACEN DE LA CONSELLERIA','070400012'),
 ('07506031','D. T. D\'EDUCACIO A EIVISSA-FORMENTERA','070260001'),
 ('07506041','D. T. D\'EDUCACIO A MENORCA','070320010'),
 ('07506053','D. GENERAL D\'EDUCACIO A MALLORCA','070400012'),
 ('07506065','DIRECCIO GENERAL DE PERSONAL DOCENT','070400012'),
 ('07506077','DIRECCION GRAL. D\'INNOVACIO I FORMACIÓ','070400012'),
 ('07506089','DG DE PLANIFICACIO I CENTRES','070400012'),
 ('07506090','SECRETARIA GENERAL','070400012'),
 ('07507008','DG ADMINISTRACIÓ I INSPECCIÓ EDUCATIVA','070400012'),
 ('07507011','D. GRAL. D\'UNIVERSITAT','070400012'),
 ('07507021','D. GRAL. DE FORMACIÓ PROFESSIONAL','070400012'),
 ('07507033','D. GRAL. DE CULTURA','070400012'),
 ('07507045','D. GRAL. DE POLÍTICA LINGÜÍSTICA','070400012'),
 ('07507057','S.G. DEL PLAN BALEAR INVESTIGACIÓ I D.T.','070400012'),
 ('07507069','COFUC','070400012'),
 ('07507082','DIRECCIÓ GENERAL DE RECURSOS HUMANS','070400012'),
 ('07508013','DIRECCIÓ GENERAL DE CULTURA I JUVENTUT','070400012'),
 ('07509996','CENTRO DE CONTROL','070400012'),
 ('07700015','CEP DE MENORCA','070150003'),
 ('07700027','CEP D\'EIVISSA','070260001'),
 ('07700039','CEP DE MANACOR','070330006'),
 ('07700040','CEP DE PALMA','070400012'),
 ('07700052','EOEP CALVIÀ - ANDRATX','070110003'),
 ('07700064','EOEP CAMPOS','070130001'),
 ('07700076','EOEP  MENORCA (Subseu CIUTADELLA)','070150003'),
 ('07700088','EOEP  EIVISSA-FORMENTERA','070260001'),
 ('07700091','EOEP  INCA','070270001'),
 ('07700106','EOEP MANACOR','070330006'),
 ('07700118','EOEP MENORCA','070320010'),
 ('07700121','EOEP  PALMA-1','070400012'),
 ('07700131','EOEP  SÓLLER','070610004'),
 ('07700143','EOEP  PALMA-2','070400012'),
 ('07700155','EOEP  EIVISSA-FORMENTERA ( S.Formentera)','070240007'),
 ('07700167','EAP MENORCA','070150003'),
 ('07700179','EAP EIVISSA','070260001'),
 ('07700180','EAP PALMA','070400012'),
 ('07700192','EQUIPO ESPECIFICO AUDITIVOS','070400012'),
 ('07700209','CEP D\'INCA','070270001'),
 ('07700210','DE BALEARES (CRIE)','070400012'),
 ('07700222','EAP MENORCA (SUBSEU MAÓ)','070320010'),
 ('07700234','CEP FORMENTERA','070240007'),
 ('07700246','EAP LLEVANT','070330006'),
 ('07700258','EAP ES RAIGUER','070270001'),
 ('07700261','EAP PONENT','070110003'),
 ('07700271','EAP SUD (SUBSEU LLEVANT)','070310003'),
 ('07700283','EAP NORD (SUBSEU D\'ES RAIGUER)','070030001'),
 ('07700295','EAP TRAMUNTANA (SUBSEU PONENT)','070200002'),
 ('07700301','EAP FORMENTERA (SUBSEU EIVISSA-FORMEN.)','070240007'),
 ('07700313','EOEP MURO','070390001'),
 ('07900016','COMUNIDAD AUTONOMA DE BALEARES','070400012');
CREATE TABLE  `interins`.`Cossos` (
  `idCos` varchar(4) NOT NULL,
  `descripcio` varchar(100) NOT NULL,
  PRIMARY KEY (`idCos`)
) ENGINE=InnoDB DEFAULT CHARSET=utf8 COMMENT='Cossos docents';
INSERT INTO `interins`.`Cossos` VALUES  ('0590','Professors d’ensenyament secundari'),
 ('0591','Professors tècnics de formació professional'),
 ('0592','Professors d’escoles oficials d’idiomes'),
 ('0597','Mestres d\'educació infantil i primària');
CREATE TABLE  `interins`.`Especialitats` (
  `idCos` varchar(4) NOT NULL,
  `idEspecialitat` varchar(3) NOT NULL,
  `descripcio` varchar(100) NOT NULL,
  PRIMARY KEY (`idCos`,`idEspecialitat`),
  KEY `fk_espCos` (`idCos`),
  CONSTRAINT `fk_espCos` FOREIGN KEY (`idCos`) REFERENCES `Cossos` (`idCos`) ON DELETE NO ACTION ON UPDATE NO ACTION
) ENGINE=InnoDB DEFAULT CHARSET=utf8 COMMENT='Especialitats deprofessors';
INSERT INTO `interins`.`Especialitats` VALUES  ('0590','001','FILOSOFIA'),
 ('0590','002','GREC'),
 ('0590','003','LLATÍ'),
 ('0590','004','LLENGUA CASTELLANA I LITERATURA'),
 ('0590','005','GEOGRAFIA I HISTÒRIA'),
 ('0590','006','MATEMÀTIQUES'),
 ('0590','007','FÍSICA I QUÍMICA'),
 ('0590','008','BIOLOGIA I GEOLOGIA'),
 ('0590','009','DIBUIX'),
 ('0590','010','FRANCÈS'),
 ('0590','011','ANGLÈS'),
 ('0590','012','ALEMANY'),
 ('0590','013','ITALIÀ'),
 ('0590','014','LLENGUA I LITERATURA CATALANES (ILLES BALEARS)'),
 ('0590','015','PORTUGUÈS'),
 ('0590','016','MÚSICA'),
 ('0590','017','EDUCACIÓ FÍSICA'),
 ('0590','018','ORIENTACIÓ EDUCATIVA'),
 ('0590','019','TECNOLOGIA'),
 ('0590','039','TECNOLOGIA MINERA'),
 ('0590','051','LLENGUA CATALANA I LITERATURA'),
 ('0590','052','LLENGUA I LITERATURA VASCA'),
 ('0590','053','LLENGUA I LITERATURA GALLEGA'),
 ('0590','056','LLENGUA I LITERATURA VALENCIANA'),
 ('0590','057','LLENGUA I LITERATURA VASCA (NAVARRA)'),
 ('0590','061','ECONOMIA'),
 ('0590','062','LLENGUA ARANESA'),
 ('0590','101','ADMINISTRACIÓ D\'EMPRESES'),
 ('0590','102','ANÀLISI I QUÍMICA INDUSTRIAL'),
 ('0590','103','ASSESSORIA I PROCESSOS D\'IMATGE PERSONAL'),
 ('0590','104','CONSTRUCCIONS CIVILS I EDIFICACIÓ'),
 ('0590','105','FORMACIÓ I ORIENTACIÓ LABORAL'),
 ('0590','106','HOTELERIA I TURISME'),
 ('0590','107','INFORMÀTICA'),
 ('0590','108','INTERVENCIÓ SOCIOCOMUNITÀRIA'),
 ('0590','109','NAVEGACIÓ I INSTAL.LACIONS MARINES'),
 ('0590','110','ORGANITZACIÓ I GESTIÓ COMERCIAL'),
 ('0590','111','ORGANITZACIÓ I PROCESSOS DE MANTENIMENT DE VEHICLES'),
 ('0590','112','ORGANITZACIÓ I PROJECTES DE FABRICACIÓ MECÀNICA'),
 ('0590','113','ORGANITZACIÓ  I PROJECTES DE SISTEMES ENERGÈTICS'),
 ('0590','114','PROCESSOS DE CULTIU AQÚÍCOLA'),
 ('0590','115','PROCESSOS DE PRODUCCIÓ AGRÀRIA'),
 ('0590','116','PROCESSOS A LA INDUSTRIA ALIMENTÀRIA'),
 ('0590','117','PROCESSOS DIAGNÒSTICS CLÍNICS I PRODUCTES ORTOPROTÈSICS'),
 ('0590','118','PROCESSOS SANITARIS'),
 ('0590','119','PROCESSOS I MITJANS DE COMUNICACIÓ'),
 ('0590','120','PROCESSOS I PRODUCTES DE TEXTIL'),
 ('0590','121','PROCESSOS I PRODUCTES DE VIDRE I CERÀMICA'),
 ('0590','122','PROCESSOS I PRODUCTES D\'ARTS GRÀFIQUES'),
 ('0590','123','PROCESSOS I PRODUCTES DE FUSTA I MOBLE'),
 ('0590','124','SISTEMES ELECTRÒNICS'),
 ('0590','125','SISTEMES ELECTROTÈCNICS I AUTOMÀTICS'),
 ('0590','201','CONJUNT CORAL I INSTRUMENTAL'),
 ('0590','202','PIANO'),
 ('0590','203','DANZA CLASICA'),
 ('0590','803','CULTURA CLASICA'),
 ('0590','810','AMBITO DE COMUNICACION: FRANCES'),
 ('0590','811','AMBITO DE COMUNICACION: INGLES'),
 ('0590','812','AMBITO DE COMUNICACION: LENGUA CASTELLANA Y LITERATURA'),
 ('0590','813','AMBITO DE COMUNICACION: EUSKERA'),
 ('0590','814','AMBITO DE CONOCIMIENTO SOCIAL'),
 ('0590','815','AMBITO CIENTIFICO-TECNOLOGICO'),
 ('0590','817','AMBITO DE COMUNICACION: VALENCIANO'),
 ('0590','818','AMBITO DE COMUNICACION: VALENCIANO/INGLES'),
 ('0591','016','PRÀCTIQUES DE MINERIA'),
 ('0591','021','TALLER DE VIDRE I CERÀMICA'),
 ('0591','201','CUINA I PASTISSERIA'),
 ('0591','202','EQUIPS ELECTRÒNICS'),
 ('0591','203','ESTÈTICA'),
 ('0591','204','FABRICACIÓ I INSTAL.LACIÓ DE FUSTERIA I MOBLES'),
 ('0591','205','INSTAL.LACIÓ I MANTENIMENT D\'EQUIPS TÈRMICS I DE FLUIDS'),
 ('0591','206','INSTAL.LACIONS ELECTROTÈCNIQUES'),
 ('0591','207','INSTAL.LACIONS I EQUIPS DE CRIA I CULTIU'),
 ('0591','208','LABORATORI'),
 ('0591','209','MANTENIMENT DE VEHICLES'),
 ('0591','210','MÀQUINES'),
 ('0591','211','MECANITZAT I MANTENIMENT DE MÀQUINES'),
 ('0591','212','OFICINA DE PROJECTES DE CONSTRUCCIÓ'),
 ('0591','213','OFICINA DE PROJECTES DE FABRICACIÓ MECÀNICA'),
 ('0591','214','OPERACIONES I EQUIPOS D\'EL.LABORACIÓ DE PRODUCTES ALIMENTARIS'),
 ('0591','215','OPERACIONS DE PROCESSOS'),
 ('0591','216','OPERACIONS DE PRODUCCIÓ AGRÀRIA'),
 ('0591','217','PATRONATGE I CONFECCIÓ'),
 ('0591','218','PERRUQUERIA'),
 ('0591','219','PROCEDIMENTS DE DIAGNOSI CLÍNICA I ORTOPROTÈSICA'),
 ('0591','220','PROCEDIMENTS SANITARIS I ASISTENCIALS'),
 ('0591','221','PROCESSOS COMERCIALS'),
 ('0591','222','PROCESSOS DE GESTIÓ ADMINISTRATIVA'),
 ('0591','223','PRODUCCIÓ D\'ARTS GRÀFIQUES'),
 ('0591','224','PRODUCCIÓ TEXTIL I TRATAMENTS FISICOQUÍMICS'),
 ('0591','225','SERVEIS A LA COMUNITAT'),
 ('0591','226','SERVEIS DE RESTAURACIÓ'),
 ('0591','227','SISTEMES I APLICACIONS INFORMÀTIQUES'),
 ('0591','228','SOLDADURA'),
 ('0591','229','TÈCNIQUES I PROCEDIMIENTS D\'IMATGE I SO'),
 ('0592','001','ALEMANY'),
 ('0592','002','ÀRAB'),
 ('0592','003','CATALÀ'),
 ('0592','004','XINÈS'),
 ('0592','005','DANÈS'),
 ('0592','006','ESPANYOL PER A ESTRANGERS'),
 ('0592','007','EUSKERA'),
 ('0592','008','FRANCÈS'),
 ('0592','009','GALLEG'),
 ('0592','010','GREC'),
 ('0592','011','ANGLÈS'),
 ('0592','012','ITALIÀ'),
 ('0592','013','JAPONÈS'),
 ('0592','014','NEERLANDÈS'),
 ('0592','015','PORTUGUÈS'),
 ('0592','016','ROMANÈS'),
 ('0592','017','RUS'),
 ('0592','018','VALENCIÀ'),
 ('0592','019','FINÈS'),
 ('0592','020','SUEC'),
 ('0597','AL','AUDICIÓ I LLENGUATGE'),
 ('0597','AS','AUD. I LLENGUATGE'),
 ('0597','AT','ATENCIÓ A LA DIVERSITAT'),
 ('0597','EF','EDUCACIÓ FÍSICA'),
 ('0597','EI','EDUCACIÓ INFANTIL'),
 ('0597','EU','EUSKERA'),
 ('0597','FA','LENGUA EXTRANJERA: ALEMÁN'),
 ('0597','FB','LLENGUA CATALANA I LITERATURA (BALEARS)'),
 ('0597','FC','CATALÀ'),
 ('0597','FF','LENGUA EXTRANJERA: FRANCÉS'),
 ('0597','FG','GALLEG'),
 ('0597','FI','LENGUA EXTRANJERA: INGLÉS'),
 ('0597','FL','FILOLOGIA'),
 ('0597','FN','VASCUENCE (NAVARRA)'),
 ('0597','FV','VALENCIANO'),
 ('0597','IN','FILOLOGIA LLENGUA CASTELLANA I ANGLES'),
 ('0597','MC','MATEMÀTIQUES I CIÈNCIES DE LA NATURA'),
 ('0597','MU','MÚSICA'),
 ('0597','PRI','EDUCACIÓ PRIMÀRIA'),
 ('0597','PS','PEDAGOGIA TERAPEUTICA'),
 ('0597','PT','PEDAGOGIA TERAPÈUTICA'),
 ('0597','QPI','PROGRAMES DE QUALIFICACIÓ PROFESSIONAL');
CREATE TABLE  `interins`.`Illes` (
  `idIlla` varchar(3) NOT NULL,
  `nomIlla` varchar(45) NOT NULL,
  PRIMARY KEY (`idIlla`)
) ENGINE=InnoDB DEFAULT CHARSET=utf8;
INSERT INTO `interins`.`Illes` VALUES  ('071','Mallorca'),
 ('072','Menorca'),
 ('073','Eivissa'),
 ('074','Formentera');
CREATE TABLE  `interins`.`Localitats` (
  `idLocalitat` varchar(9) NOT NULL,
  `idIlla` varchar(3) NOT NULL,
  `nomLocalitat` varchar(100) NOT NULL,
  PRIMARY KEY (`idLocalitat`),
  KEY `fk_Localitat_Illa` (`idIlla`),
  CONSTRAINT `fk_Localitat_Illa` FOREIGN KEY (`idIlla`) REFERENCES `Illes` (`idIlla`) ON DELETE NO ACTION ON UPDATE NO ACTION
) ENGINE=InnoDB DEFAULT CHARSET=utf8;
INSERT INTO `interins`.`Localitats` VALUES  ('070010001','071','ALARO'),
 ('070020001','072','ALAIOR'),
 ('070030001','071','ALCUDIA'),
 ('070030003','071','PORT D\'ALCUDIA'),
 ('070040001','071','ALGAIDA'),
 ('070040003','071','PINA'),
 ('070050001','071','ANDRATX'),
 ('070050003','071','PORT D\'ANDRATX'),
 ('070050004','071','ARRACO (S\')'),
 ('070060001','071','ARTA'),
 ('070060002','071','COLONIA DE SANT PERE'),
 ('070070001','071','BANYALBUFAR'),
 ('070080002','071','BINISSALEM'),
 ('070090001','071','BUGER'),
 ('070100002','071','BUNYOLA'),
 ('070100004','071','PALMANYOLA'),
 ('070110003','071','CALVIA'),
 ('070110004','071','CAPDELLA (ES)'),
 ('070110007','071','MAGALUF'),
 ('070110008','071','PEGUERA'),
 ('070110009','071','PALMANOVA'),
 ('070110010','071','PORRASSA (SA)'),
 ('070110011','071','PORTALS NOUS'),
 ('070110012','071','SANTA PONÇA'),
 ('070110013','071','CASTELL DE BENDINAT'),
 ('070110017','071','SON FERRER'),
 ('070110018','071','TORO (EL)'),
 ('070120001','071','CAMPANET'),
 ('070130001','071','CAMPOS'),
 ('070140001','071','CALA RATJADA'),
 ('070140002','071','CAPDEPERA'),
 ('070150003','072','CIUTADELLA DE MENORCA'),
 ('070160001','071','CONSELL'),
 ('070170001','071','COSTITX'),
 ('070180001','071','DEIA'),
 ('070190003','071','LLUC'),
 ('070200002','071','ESPORLES'),
 ('070210001','071','ESTELLENCS'),
 ('070220001','071','CAS CONCOS DES CAVALLER'),
 ('070220003','071','FELANITX'),
 ('070220004','071','HORTA (S\')'),
 ('070220006','071','PORTOCOLOM'),
 ('070230001','072','FERRERIES'),
 ('070240002','074','CAP DE BARBARIA (ES)'),
 ('070240003','074','PILAR DE LA MOLA'),
 ('070240006','074','SANT FERRAN DE SES ROQUES'),
 ('070240007','074','SANT FRANCESC DE FORMENTERA'),
 ('070250001','071','FORNALUTX'),
 ('070260001','073','EIVISSA'),
 ('070270001','071','INCA'),
 ('070280001','071','LLORET DE VISTALEGRE'),
 ('070290001','071','LLOSETA'),
 ('070300001','071','LLUBI'),
 ('070310001','071','ARENAL (S\')'),
 ('070310003','071','LLUCMAJOR'),
 ('070310005','071','BADIA GRAN'),
 ('070310011','071','SON VERI NOU'),
 ('070320010','072','MAO'),
 ('070320012','072','SANT CLIMENT'),
 ('070330002','071','S\'ILLOT-CALA MORLANDA'),
 ('070330006','071','MANACOR'),
 ('070330009','071','PORTO CRISTO'),
 ('070330011','071','SON MACIA'),
 ('070340001','071','MANCOR DE LA VALL'),
 ('070350001','071','MARIA DE LA SALUT'),
 ('070360001','071','CABANETA (SA)'),
 ('070360002','071','MARRATXINET'),
 ('070360003','071','PLA DE NA TESA'),
 ('070360004','071','PONT D\'INCA'),
 ('070360005','071','PORTOL'),
 ('070370001','072','FORNELLS'),
 ('070370002','072','MERCADAL (ES)'),
 ('070380001','071','MONTUÏRI'),
 ('070390001','071','MURO'),
 ('070400001','071','ARANJASSA (S\')'),
 ('070400002','071','ARENAL (S\')'),
 ('070400003','071','CAN PASTILLA'),
 ('070400005','071','CASA BLANCA (SA)'),
 ('070400006','071','COLL DE\'N RABASSA (ES)'),
 ('070400007','071','CREU VERMELLA (SA)'),
 ('070400008','071','ESTABLIMENTS'),
 ('070400009','071','GENOVA'),
 ('070400010','071','INDIOTERIA (SA)'),
 ('070400012','071','PALMA'),
 ('070400013','071','PIL.LARI (ES)'),
 ('070400014','071','SANT AGUSTI'),
 ('070400015','071','SANT JORDI'),
 ('070400016','071','SECAR DE LA REAL (ES)'),
 ('070400017','071','SON SANT JOAN'),
 ('070400018','071','SON SARDINA'),
 ('070400019','071','VILETA (SA)'),
 ('070400020','071','PLATJA DE PALMA'),
 ('070410002','071','PETRA'),
 ('070420004','071','POLLENÇA'),
 ('070420005','071','PORT DE POLLENÇA'),
 ('070430001','071','PORRERES'),
 ('070440001','071','POBLA (SA)'),
 ('070450002','071','PUIGPUNYENT'),
 ('070460002','073','SANT ANTONI DE PORTMANY'),
 ('070460003','073','SANT MATEU D\'EUBARCA'),
 ('070460004','073','SANT RAFEL'),
 ('070460005','073','SANTA AGNES DE CORONA'),
 ('070470001','071','BINIALI'),
 ('070470005','071','SENCELLES'),
 ('070480002','073','SANT AGUSTI DES VEDRA'),
 ('070480003','073','SANT FRANCESC DE S\'ESTANY'),
 ('070480004','073','SANT JORDI DE SES SALINES'),
 ('070480005','073','SANT JOSEP DE SA TALAIA'),
 ('070490001','071','SANT JOAN'),
 ('070500001','073','SANT JOAN DE LABRITJA'),
 ('070500002','073','SANT LLORENÇ DE BALAFIA'),
 ('070500003','073','SANT MIQUEL DE BALANSAT'),
 ('070500004','073','SANT VICENT DE SA CALA'),
 ('070510002','071','SANT LLORENÇ DES CARDASSAR'),
 ('070510003','071','SON CARRIO'),
 ('070510005','071','COMA (SA)'),
 ('070520014','072','SANT LLUIS'),
 ('070530004','071','SANTA EUGENIA'),
 ('070540001','073','JESÚS'),
 ('070540002','073','PUIG DE\'N VALLS'),
 ('070540003','073','SAN CARLOS'),
 ('070540004','073','SANTA EULALIA'),
 ('070540005','073','SANTA GERTRUDIS'),
 ('070550001','071','CA\'N PICAFORT'),
 ('070550002','071','SANTA MARGALIDA'),
 ('070560001','071','SANTA MARIA DEL CAMI'),
 ('070570001','071','ALQUERIA BLANCA'),
 ('070570002','071','CALA D\'OR'),
 ('070570004','071','CALONGE'),
 ('070570006','071','LLOMBARDS'),
 ('070570008','071','SANTANYI'),
 ('070580001','071','BINIAMAR'),
 ('070580002','071','CAIMARI'),
 ('070580003','071','MOSCARI'),
 ('070580004','071','SELVA'),
 ('070590002','071','COLONIA DE SANT JORDI'),
 ('070590003','071','SALINES (SES)'),
 ('070600001','071','SINEU'),
 ('070610002','071','HORTA (L\')'),
 ('070610003','071','PORT (EL)'),
 ('070610004','071','SOLLER'),
 ('070620003','071','CALA MILLOR'),
 ('070620008','071','SON SERVERA'),
 ('070630004','071','VALLDEMOSSA'),
 ('070640002','072','CASTELL (ES)'),
 ('070650001','071','VILAFRANCA DE BONANY'),
 ('079010001','071','ARIANY'),
 ('079020001','072','MIGJORN GRAN (ES)');
CREATE TABLE  `interins`.`Preferencies` (
  `nif` varchar(9) NOT NULL,
  `ordre` int(11) NOT NULL,
  `idCos` varchar(4) NOT NULL,
  `idEspecialitat` varchar(3) NOT NULL,
  `idCentre` varchar(8) NOT NULL,
  PRIMARY KEY (`nif`,`ordre`),
  KEY `fk_PreferenciaAspirant` (`nif`),
  KEY `fk_PreferenciaCentre` (`idCentre`),
  KEY `fk_PreferenciaEspecialitat` (`idCos`,`idEspecialitat`),
  CONSTRAINT `fk_PreferenciaAspirant` FOREIGN KEY (`nif`) REFERENCES `Aspirants` (`Nif`) ON DELETE NO ACTION ON UPDATE NO ACTION,
  CONSTRAINT `fk_PreferenciaCentre` FOREIGN KEY (`idCentre`) REFERENCES `Centres` (`idCentre`) ON DELETE NO ACTION ON UPDATE NO ACTION,
  CONSTRAINT `fk_PreferenciaEspecialitat` FOREIGN KEY (`idCos`, `idEspecialitat`) REFERENCES `Especialitats` (`idCos`, `idEspecialitat`) ON DELETE NO ACTION ON UPDATE NO ACTION
) ENGINE=InnoDB DEFAULT CHARSET=utf8;
INSERT INTO `interins`.`Preferencies` VALUES  ('12007493F',1,'0590','123','07002831'),
 ('12007493F',2,'0592','004','07008028'),
 ('12007493F',3,'0590','121','07001034'),
 ('12007493F',4,'0590','107','07007841'),
 ('12007493F',5,'0597','FC','07004451'),
 ('12007493F',6,'0591','207','07003924'),
 ('12007493F',7,'0592','002','07003675'),
 ('12007493F',8,'0592','009','07013176'),
 ('12007493F',9,'0591','209','07002701'),
 ('12007493F',10,'0591','225','07003079'),
 ('12007493F',11,'0592','017','07002130'),
 ('12007493F',12,'0592','005','07004424'),
 ('12007493F',13,'0590','104','07014284'),
 ('12007493F',14,'0591','219','07002774'),
 ('14140460F',1,'0597','EU','07013711'),
 ('14140460F',2,'0597','EI','07700246'),
 ('14140460F',3,'0591','225','07001885'),
 ('14140460F',4,'0592','004','07003547'),
 ('14140460F',5,'0591','213','07003432'),
 ('14140460F',6,'0590','018','07001897'),
 ('14140460F',7,'0591','204','07014466'),
 ('14140460F',8,'0591','229','07700143'),
 ('14140460F',9,'0591','213','07002257'),
 ('14140460F',10,'0591','228','07013206'),
 ('14140460F',11,'0590','012','07008429'),
 ('14140460F',12,'0590','109','07003523'),
 ('14140460F',13,'0590','818','07006056'),
 ('14140460F',14,'0592','005','07006305'),
 ('14140460F',15,'0590','015','07014016'),
 ('14140460F',16,'0591','219','07007531'),
 ('14140460F',17,'0591','221','07501043'),
 ('20069970F',1,'0590','119','07003559'),
 ('20069970F',2,'0591','204','07004576'),
 ('20069970F',3,'0591','219','07501021'),
 ('20069970F',4,'0591','225','07000820'),
 ('20069970F',5,'0590','813','07004473'),
 ('20069970F',6,'0591','229','07008193'),
 ('20069970F',7,'0592','007','07007784'),
 ('20069970F',8,'0591','218','07001265'),
 ('20069970F',9,'0590','002','07006147'),
 ('20069970F',10,'0590','114','07014028'),
 ('20069970F',11,'0597','FV','07007061'),
 ('20069970F',12,'0590','039','07013747'),
 ('20069970F',13,'0590','117','07013905'),
 ('20069970F',14,'0591','207','07003638'),
 ('20069970F',15,'0592','009','07000121'),
 ('23797769F',1,'0591','212','07000731'),
 ('23797769F',2,'0590','813','07004035'),
 ('23797769F',3,'0597','FI','07000753'),
 ('23797769F',4,'0591','207','07507057'),
 ('23797769F',5,'0597','AL','07012974'),
 ('23797769F',6,'0591','228','07003079'),
 ('23797769F',7,'0591','214','07003973'),
 ('23797769F',8,'0592','010','07500234'),
 ('23797769F',9,'0590','051','07002919'),
 ('23797769F',10,'0590','104','07000868'),
 ('23797769F',11,'0590','062','07006676'),
 ('23797769F',12,'0590','803','07006445'),
 ('23797769F',13,'0597','FG','07005623'),
 ('23797769F',14,'0590','056','07003523'),
 ('23797769F',15,'0590','053','07008417'),
 ('23797769F',16,'0591','225','07001654'),
 ('23797769F',17,'0590','061','07507057'),
 ('23797769F',18,'0590','107','07001071'),
 ('23797769F',19,'0591','224','07006640'),
 ('23797769F',20,'0590','062','07006858'),
 ('23797769F',21,'0591','219','07013176'),
 ('23797769F',22,'0590','115','07013243'),
 ('23797769F',23,'0592','008','07005313'),
 ('23797769F',24,'0590','002','07007711'),
 ('23797769F',25,'0590','005','07500117'),
 ('23797769F',26,'0592','014','07002580'),
 ('23797769F',27,'0591','209','07013218'),
 ('23797769F',28,'0590','018','07000923'),
 ('23797769F',29,'0590','202','07007176'),
 ('23797769F',30,'0592','010','07005091'),
 ('23797769F',31,'0591','222','07007127'),
 ('23797769F',32,'0590','008','07002658'),
 ('23797769F',33,'0590','010','07013589'),
 ('23797769F',34,'0590','007','07002865'),
 ('23797769F',35,'0590','108','07002440'),
 ('23797769F',36,'0590','812','07001964'),
 ('23797769F',37,'0590','016','07003778'),
 ('23797769F',38,'0597','QPI','07001401'),
 ('23797769F',39,'0597','AT','07013693'),
 ('23797769F',40,'0590','124','07014478'),
 ('23797769F',41,'0591','224','07006226'),
 ('23797769F',42,'0591','224','07000111'),
 ('23797769F',43,'0591','229','07003501'),
 ('32809803F',1,'0592','013','07007061'),
 ('32809803F',2,'0590','053','07004606'),
 ('32809803F',3,'0590','015','07002191'),
 ('32809803F',4,'0590','117','07003973'),
 ('32809803F',6,'0590','010','07013462'),
 ('32809803F',7,'0592','007','07003961'),
 ('32809803F',8,'0591','202','07006342'),
 ('32809803F',9,'0590','011','07013280'),
 ('32809803F',10,'0590','015','07006901'),
 ('32809803F',11,'0590','062','07008545'),
 ('32809803F',12,'0590','019','07002257'),
 ('32809803F',13,'0591','222','07001393'),
 ('32809803F',14,'0592','001','07013498'),
 ('32809803F',15,'0591','224','07013863'),
 ('32809803F',16,'0590','201','07008193'),
 ('32809803F',17,'0590','062','07004931'),
 ('32809803F',18,'0590','811','07000583'),
 ('32809803F',19,'0597','PT','07005908'),
 ('32809803F',20,'0597','MU','07013206'),
 ('32809803F',21,'0590','814','07008481'),
 ('32809803F',22,'0590','003','07003092'),
 ('32809803F',23,'0592','017','07006731'),
 ('32809803F',24,'0590','004','07007051'),
 ('32809803F',25,'0591','211','07006664'),
 ('32809803F',26,'0592','011','07006147'),
 ('32809803F',27,'0590','119','07004102'),
 ('32809803F',28,'0590','001','07014065'),
 ('32809803F',29,'0597','FA','07013531'),
 ('36520182F',1,'0590','018','07006810'),
 ('36520182F',2,'0592','010','07013802'),
 ('36520182F',3,'0591','220','07007590'),
 ('37389863F',1,'0597','AL','07002889'),
 ('37389863F',2,'0590','814','07005520'),
 ('37389863F',3,'0592','012','07014077'),
 ('37389863F',4,'0590','106','07014818'),
 ('37389863F',5,'0590','202','07008417'),
 ('37389863F',6,'0590','105','07008818'),
 ('37389863F',7,'0591','223','07003705'),
 ('37389863F',8,'0591','212','07008508'),
 ('37389863F',9,'0590','015','07004515'),
 ('37389863F',10,'0590','810','07000340'),
 ('37389863F',11,'0597','AS','07014442'),
 ('37389863F',12,'0590','009','07007668'),
 ('37389863F',13,'0592','020','07000583'),
 ('38868119F',1,'0591','222','07001745'),
 ('38868119F',2,'0590','803','07014375'),
 ('38868119F',3,'0597','FC','07005416'),
 ('38868119F',4,'0592','017','07006494'),
 ('38868119F',5,'0590','011','07004011'),
 ('38868119F',6,'0590','118','07014089'),
 ('38868119F',7,'0592','009','07014831'),
 ('38868119F',8,'0590','053','07001939'),
 ('38868119F',9,'0590','014','07005799'),
 ('38868119F',10,'0592','007','07007905'),
 ('38868119F',11,'0591','225','07013632'),
 ('38868119F',12,'0597','MU','07006676'),
 ('38868119F',13,'0590','103','07007012'),
 ('38868119F',14,'0590','013','07002646'),
 ('38868119F',15,'0590','014','07001484'),
 ('38868119F',16,'0590','010','07007991'),
 ('38868119F',17,'0590','039','07007620'),
 ('38868119F',18,'0590','014','07007851'),
 ('38868119F',19,'0590','119','07003811'),
 ('38868119F',20,'0590','102','07003717'),
 ('38868119F',21,'0590','111','07014223'),
 ('38868119F',22,'0590','107','07014880'),
 ('38868119F',23,'0590','123','07004451'),
 ('38868119F',24,'0590','111','07002543'),
 ('40053933F',1,'0592','016','07006731'),
 ('40053933F',2,'0591','222','07007930'),
 ('40053933F',3,'0592','009','07004291'),
 ('40053933F',4,'0590','005','07013589'),
 ('40053933F',5,'0597','FL','07003158'),
 ('40053933F',6,'0590','011','07006071'),
 ('40053933F',7,'0590','009','07014193'),
 ('40053933F',8,'0591','218','07000935'),
 ('40053933F',9,'0590','112','07000091'),
 ('40053933F',10,'0591','203','07002324'),
 ('40053933F',11,'0590','004','07014430'),
 ('40053933F',12,'0590','011','07013565'),
 ('40053933F',13,'0590','102','07008454'),
 ('40053933F',14,'0592','020','07007516'),
 ('40053933F',15,'0590','112','07003377'),
 ('40053933F',16,'0597','FL','07002701'),
 ('40053933F',17,'0590','052','07002737'),
 ('40053933F',18,'0590','004','07005696'),
 ('40053933F',19,'0590','001','07007632'),
 ('40053933F',20,'0590','115','07002831'),
 ('40053933F',21,'0591','016','07002415'),
 ('40053933F',22,'0590','815','07007255'),
 ('40053933F',23,'0591','223','07700027'),
 ('40053933F',24,'0590','813','07005908'),
 ('40053933F',25,'0591','220','07013784'),
 ('40053933F',26,'0590','002','07002427'),
 ('40053933F',27,'0597','MC','07007073'),
 ('40053933F',28,'0591','210','07000492'),
 ('40053933F',29,'0590','810','07008764'),
 ('40053933F',30,'0591','203','07002713'),
 ('40053933F',31,'0590','012','07008296'),
 ('40053933F',32,'0591','205','07008296'),
 ('40053933F',33,'0591','209','07004291'),
 ('40053933F',34,'0591','214','07700027'),
 ('40053933F',35,'0592','003','07013036'),
 ('40053933F',36,'0590','202','07006676'),
 ('40053933F',37,'0590','117','07002750'),
 ('40053933F',38,'0590','061','07013590'),
 ('45542205F',1,'0597','MU','07500488'),
 ('45542205F',2,'0590','053','07007841'),
 ('45542205F',3,'0590','114','07000561'),
 ('45542205F',4,'0597','FI','07006123'),
 ('45542205F',5,'0591','225','07007401'),
 ('45542205F',6,'0592','017','07006068'),
 ('45542205F',7,'0590','111','07008132'),
 ('45542205F',8,'0592','002','07008843'),
 ('45542205F',9,'0590','018','07014442'),
 ('45542205F',10,'0590','115','07013048'),
 ('45542205F',11,'0590','814','07005684'),
 ('45542205F',12,'0590','117','07006172'),
 ('45542205F',13,'0597','PS','07006123'),
 ('45542205F',14,'0591','220','07000406'),
 ('45542205F',15,'0590','201','07014119'),
 ('45542205F',16,'0591','221','07001563'),
 ('45542205F',17,'0590','118','07005684'),
 ('45542205F',18,'0590','110','07000315'),
 ('45542205F',19,'0597','FI','07001484'),
 ('45542205F',20,'0591','206','07006871'),
 ('45542205F',21,'0590','817','07014181'),
 ('45542205F',22,'0592','016','07004102'),
 ('45542205F',23,'0590','201','07006974'),
 ('45542205F',24,'0591','212','07500014'),
 ('45542205F',25,'0590','122','07000984'),
 ('45542205F',26,'0590','203','07700040'),
 ('45542205F',27,'0591','217','07014466'),
 ('45542205F',28,'0590','110','07002713'),
 ('45542205F',29,'0592','009','07007243'),
 ('45542205F',30,'0592','019','07014247'),
 ('45542205F',31,'0590','125','07000789'),
 ('47537490F',1,'0591','206','07004229'),
 ('47537490F',2,'0590','118','07005568'),
 ('47537490F',3,'0590','104','07002981'),
 ('47537490F',4,'0590','814','07008430'),
 ('47537490F',5,'0591','217','07005039'),
 ('47537490F',6,'0597','AS','07006020'),
 ('47537490F',7,'0592','013','07004400'),
 ('47537490F',8,'0590','115','07006251'),
 ('47537490F',9,'0597','PT','07001976'),
 ('47537490F',10,'0592','004','07014685'),
 ('47537490F',11,'0590','202','07014764'),
 ('47537490F',12,'0592','020','07003213'),
 ('47537490F',13,'0592','003','07003021'),
 ('47537490F',14,'0590','110','07014880'),
 ('47537490F',15,'0590','812','07014946'),
 ('47537490F',16,'0592','013','07500427'),
 ('47537490F',17,'0590','005','07700015'),
 ('47537490F',18,'0597','FA','07003407'),
 ('47537490F',19,'0590','052','07007681'),
 ('47537490F',20,'0592','015','07014971'),
 ('47537490F',21,'0591','227','07506031'),
 ('47537490F',22,'0591','205','07006913'),
 ('47537490F',23,'0592','019','07012974'),
 ('47537490F',24,'0590','057','07007383'),
 ('47537490F',25,'0592','008','07012871'),
 ('47537490F',26,'0590','010','07005453'),
 ('47537490F',27,'0590','112','07500241'),
 ('47537490F',28,'0590','018','07014740'),
 ('47537490F',29,'0590','015','07014430'),
 ('50620612F',1,'0590','203','07008247'),
 ('50620612F',2,'0592','019','07014582'),
 ('50620612F',3,'0590','104','07014958'),
 ('50620612F',4,'0591','207','07002865'),
 ('52359960F',1,'0590','111','07005611'),
 ('52359960F',2,'0592','008','07007978'),
 ('52359960F',3,'0591','219','07003161'),
 ('52359960F',4,'0590','202','07500361'),
 ('52359960F',5,'0590','112','07001216'),
 ('52359960F',6,'0597','FG','07006937'),
 ('52359960F',7,'0590','120','07700118'),
 ('52359960F',8,'0592','020','07005647'),
 ('52359960F',9,'0592','018','07002580'),
 ('52359960F',10,'0597','AL','07002993'),
 ('52359960F',11,'0591','021','07014132'),
 ('52359960F',12,'0590','017','07008235'),
 ('53972396F',1,'0590','052','07008144'),
 ('53972396F',2,'0592','004','07002506'),
 ('53972396F',3,'0590','014','07003237'),
 ('53972396F',4,'0590','107','07006226'),
 ('53972396F',5,'0591','216','07005192'),
 ('53972396F',6,'0590','062','07014284'),
 ('53972396F',7,'0590','120','07014739'),
 ('53972396F',8,'0590','103','07005398'),
 ('53972396F',9,'0591','223','07000731'),
 ('53972396F',10,'0590','116','07013632'),
 ('53972396F',11,'0597','AS','07007841'),
 ('53972396F',12,'0590','817','07507057'),
 ('53972396F',13,'0590','017','07500117'),
 ('53972396F',14,'0597','IN','07004734'),
 ('53972396F',15,'0590','017','07007747'),
 ('53972396F',16,'0590','102','07002981'),
 ('53972396F',17,'0590','104','07002749'),
 ('53972396F',18,'0592','014','07001964'),
 ('53972396F',19,'0591','222','07004709'),
 ('53972396F',20,'0590','103','07004503'),
 ('53972396F',21,'0590','109','07005404'),
 ('53972396F',22,'0591','202','07005398'),
 ('53972396F',23,'0590','104','07003286'),
 ('53972396F',24,'0592','015','07000777'),
 ('53972396F',25,'0591','217','07001630'),
 ('53972396F',26,'0597','FC','07003021'),
 ('53972396F',27,'0591','217','07700234'),
 ('53972396F',28,'0590','811','07008569'),
 ('53972396F',29,'0590','107','07003705'),
 ('53972396F',30,'0597','EF','07700155'),
 ('53972396F',31,'0590','104','07002695'),
 ('53972396F',32,'0591','215','07014247'),
 ('53972396F',33,'0590','062','07002415'),
 ('53972396F',34,'0590','018','07008065'),
 ('53972396F',35,'0597','FV','07700118'),
 ('53972396F',36,'0597','FL','07004199'),
 ('53972396F',37,'0597','PS','07500233'),
 ('53972396F',38,'0590','116','07500476'),
 ('53972396F',39,'0597','AL','07008065'),
 ('53972396F',40,'0597','FF','07003882'),
 ('53972396F',41,'0591','202','07013051'),
 ('55694683F',1,'0590','813','07006871'),
 ('55694683F',2,'0590','062','07003663'),
 ('55694683F',3,'0590','814','07014831'),
 ('55694683F',4,'0590','812','07013851'),
 ('55694683F',5,'0590','119','07002300'),
 ('55694683F',6,'0590','812','07507008'),
 ('55694683F',7,'0590','006','07004709'),
 ('55694683F',8,'0591','218','07002117'),
 ('55694683F',9,'0590','015','07003778'),
 ('55694683F',10,'0590','112','07500300'),
 ('55694683F',11,'0591','208','07001940'),
 ('55694683F',12,'0590','001','07003407'),
 ('55694683F',13,'0592','013','07012962'),
 ('55694683F',14,'0591','021','07002105'),
 ('55694683F',15,'0591','215','07007115'),
 ('55694683F',16,'0590','016','07008326'),
 ('55694683F',17,'0591','215','07005738'),
 ('55694683F',18,'0591','222','07004643'),
 ('55694683F',19,'0590','119','07007760'),
 ('58236660F',1,'0591','215','07003080'),
 ('59661879F',1,'0597','IN','07500211'),
 ('59661879F',2,'0597','PS','07004370'),
 ('59661879F',3,'0590','202','07004931'),
 ('59661879F',4,'0591','213','07004035'),
 ('59661879F',5,'0591','202','07003936'),
 ('59661879F',6,'0592','006','07006007'),
 ('59661879F',7,'0597','FC','07005817'),
 ('59661879F',8,'0591','224','07007191'),
 ('59661879F',9,'0591','203','07002518'),
 ('59661879F',10,'0597','PS','07003870'),
 ('59661879F',11,'0590','812','07003420'),
 ('59661879F',12,'0591','203','07013188'),
 ('59661879F',13,'0591','229','07005787'),
 ('59661879F',14,'0590','015','07006044'),
 ('59661879F',15,'0590','003','07700039'),
 ('59661879F',16,'0592','004','07014880'),
 ('59661879F',17,'0591','215','07008454'),
 ('59661879F',18,'0590','118','07000649'),
 ('59661879F',19,'0592','001','07013152'),
 ('59661879F',20,'0591','201','07005751'),
 ('61528617F',1,'0590','124','07002269'),
 ('61528617F',2,'0591','218','07005489'),
 ('61528617F',3,'0590','803','07003471'),
 ('61528617F',4,'0597','EF','07001216'),
 ('61528617F',5,'0590','109','07500703'),
 ('61528617F',6,'0590','014','07005428'),
 ('61528617F',7,'0592','017','07012998'),
 ('61528617F',8,'0590','123','07002294'),
 ('61528617F',9,'0590','008','07008041'),
 ('61528617F',10,'0590','110','07007838'),
 ('61528617F',11,'0597','AT','07004141'),
 ('61528617F',12,'0597','PT','07006871'),
 ('61528617F',13,'0592','013','07007875'),
 ('61528617F',14,'0590','104','07004606'),
 ('61528617F',15,'0592','012','07006573'),
 ('61528617F',16,'0597','FV','07013309'),
 ('61528617F',17,'0591','215','07013620'),
 ('61528617F',18,'0591','204','07006615'),
 ('61528617F',19,'0590','121','07000704'),
 ('61528617F',20,'0591','216','07003699'),
 ('61528617F',21,'0591','212','07014910'),
 ('61528617F',22,'0591','228','07014429'),
 ('61528617F',23,'0592','015','07002233'),
 ('61528617F',24,'0592','001','07014053'),
 ('61528617F',25,'0592','005','07007826'),
 ('61528617F',26,'0590','121','07004771'),
 ('61528617F',27,'0590','015','07005684'),
 ('61528617F',28,'0597','FV','07013292'),
 ('61528617F',29,'0597','AT','07013231'),
 ('61528617F',30,'0591','213','07003092'),
 ('61528617F',31,'0590','111','07006858'),
 ('61528617F',32,'0590','103','07014582'),
 ('61528617F',33,'0590','103','07014168'),
 ('61528617F',34,'0592','020','07014752'),
 ('61528617F',35,'0590','039','07014636'),
 ('61528617F',36,'0591','208','07001541'),
 ('61528617F',37,'0590','113','07001541'),
 ('61528617F',38,'0590','123','07013701'),
 ('61528617F',39,'0590','818','07003821'),
 ('61528617F',40,'0590','812','07500701'),
 ('61528617F',41,'0597','PS','07001861'),
 ('61528617F',42,'0590','202','07001034'),
 ('61528617F',43,'0590','111','07700234'),
 ('61528617F',44,'0590','114','07004163'),
 ('61528617F',45,'0591','222','07000212'),
 ('61528617F',46,'0591','208','07004503'),
 ('61528617F',47,'0591','223','07006019'),
 ('69216317F',1,'0591','220','07006834'),
 ('69216317F',2,'0590','015','07006366'),
 ('69216317F',3,'0597','QPI','07002336'),
 ('69216317F',4,'0590','122','07005261'),
 ('69216317F',5,'0590','203','07500014'),
 ('69216317F',6,'0591','207','07007838'),
 ('69216317F',7,'0592','004','07005611'),
 ('69216317F',8,'0591','203','07001344'),
 ('69216317F',9,'0592','013','07001289'),
 ('69216317F',10,'0591','202','07014806'),
 ('69216317F',11,'0592','009','07002026'),
 ('69216317F',12,'0597','FC','07006172'),
 ('69216317F',13,'0591','021','07001277'),
 ('69216317F',14,'0590','103','07013619'),
 ('69216317F',15,'0591','227','07007632'),
 ('69216317F',16,'0591','208','07002725'),
 ('69216317F',17,'0590','019','07014247'),
 ('69216317F',18,'0590','114','07006329'),
 ('69216317F',19,'0591','229','07005593'),
 ('69777619F',1,'0590','120','07001800'),
 ('69777619F',2,'0592','004','07007516'),
 ('69777619F',3,'0590','811','07013516'),
 ('69777619F',4,'0591','224','07013954'),
 ('69777619F',5,'0597','EI','07700192'),
 ('69777619F',6,'0592','014','07003043'),
 ('69777619F',7,'0590','108','07002105'),
 ('69777619F',8,'0591','217','07006275'),
 ('69777619F',9,'0590','105','07500415'),
 ('69777619F',10,'0590','012','07005295'),
 ('69777619F',11,'0597','EI','07004539'),
 ('69777619F',12,'0597','AT','07700155'),
 ('72187703F',1,'0597','FC','07004436'),
 ('72187703F',2,'0590','102','07002865'),
 ('72187703F',3,'0592','011','07007863'),
 ('72187703F',4,'0597','PS','07002233'),
 ('72187703F',5,'0591','221','07007152'),
 ('72187703F',6,'0590','108','07007841'),
 ('72187703F',7,'0590','006','07002026'),
 ('72187703F',8,'0590','812','07007531'),
 ('72187703F',9,'0591','215','07003031'),
 ('72187703F',10,'0591','201','07012950'),
 ('72187703F',11,'0590','123','07013097'),
 ('72187703F',12,'0597','FF','07003614'),
 ('72187703F',13,'0590','015','07007383'),
 ('72187703F',14,'0590','017','07002191'),
 ('72187703F',15,'0592','006','07002865'),
 ('72187703F',16,'0591','228','07003158'),
 ('72187703F',17,'0597','FG','07014326'),
 ('72187703F',18,'0592','013','07005775'),
 ('72187703F',19,'0592','017','07002750'),
 ('72187703F',20,'0591','223','07001721'),
 ('72187703F',21,'0591','222','07002543'),
 ('72187703F',22,'0597','IN','07004591'),
 ('72187703F',23,'0597','FV','07014004'),
 ('72187703F',24,'0590','039','07000297'),
 ('72187703F',25,'0597','FB','07014843'),
 ('72187703F',26,'0597','AS','07007826'),
 ('72187703F',27,'0592','003','07004060'),
 ('72187703F',28,'0590','112','07007395'),
 ('72187703F',29,'0597','QPI','07000391'),
 ('72187703F',30,'0590','104','07008648'),
 ('72187703F',31,'0590','110','07014016'),
 ('72187703F',32,'0597','AS','07003523'),
 ('72187703F',33,'0590','107','07013152'),
 ('72187703F',34,'0590','119','07000923'),
 ('72187703F',35,'0591','226','07007917'),
 ('72187703F',36,'0590','051','07013747'),
 ('72187703F',37,'0590','117','07000844'),
 ('72187703F',38,'0591','209','07013395'),
 ('72187703F',39,'0597','FV','07008818'),
 ('72187703F',40,'0590','113','07006640'),
 ('72187703F',41,'0590','014','07013474'),
 ('72187703F',42,'0592','002','07001320'),
 ('72187703F',43,'0590','002','07014053'),
 ('72187703F',44,'0590','052','07008090'),
 ('72187703F',45,'0591','213','07000546'),
 ('72187703F',46,'0590','012','07007917'),
 ('72324094F',1,'0590','814','07007784'),
 ('72324094F',2,'0590','019','07500324'),
 ('72324094F',3,'0597','FG','07008259'),
 ('72324094F',4,'0590','114','07007759'),
 ('72324094F',5,'0590','107','07012858'),
 ('72324094F',6,'0590','062','07003304'),
 ('72324094F',7,'0591','214','07004369'),
 ('72324094F',8,'0590','812','07012937'),
 ('72324094F',9,'0591','206','07002713'),
 ('72324094F',10,'0590','001','07700209'),
 ('72324094F',11,'0592','008','07005660'),
 ('72324094F',12,'0591','229','07014776'),
 ('72324094F',13,'0590','116','07014880'),
 ('72324094F',14,'0590','810','07007796'),
 ('72324094F',16,'0592','002','07000807'),
 ('72324094F',17,'0590','003','07008351'),
 ('72324094F',18,'0590','121','07006861'),
 ('72324094F',19,'0592','001','07014132'),
 ('72324094F',20,'0590','115','07002774'),
 ('72324094F',21,'0590','815','07007759'),
 ('72324094F',22,'0597','FN','07000561'),
 ('72324094F',23,'0590','007','07004667'),
 ('72324094F',25,'0597','IN','07012949'),
 ('72324094F',26,'0592','002','07014971'),
 ('72324094F',27,'0591','209','07006998'),
 ('72324094F',28,'0590','105','07000406'),
 ('72324094F',29,'0592','002','07013553'),
 ('72324094F',30,'0590','002','07700167'),
 ('72324094F',31,'0592','002','07003912'),
 ('72324094F',32,'0597','FF','07014041'),
 ('72324094F',33,'0591','207','07014511'),
 ('72324094F',34,'0591','021','07502002'),
 ('72324094F',35,'0590','202','07008442'),
 ('72324094F',36,'0590','061','07014557'),
 ('72324094F',37,'0591','206','07001484'),
 ('72324094F',38,'0590','817','07002646'),
 ('72324094F',39,'0592','020','07013115'),
 ('72324094F',40,'0590','006','07001265'),
 ('72324094F',41,'0597','FV','07013875'),
 ('72324094F',42,'0591','016','07000327'),
 ('72324094F',43,'0592','013','07008053'),
 ('72324094F',44,'0597','PRI','07005404'),
 ('72324094F',45,'0590','105','07002373'),
 ('72548887F',1,'0591','221','07500142'),
 ('72548887F',2,'0591','227','07002336'),
 ('72548887F',3,'0591','226','07006159'),
 ('72548887F',4,'0590','103','07006044'),
 ('72548887F',5,'0591','225','07004369'),
 ('72548887F',6,'0590','105','07012895'),
 ('72548887F',7,'0590','124','07003213'),
 ('72548887F',8,'0597','FC','07001046'),
 ('72548887F',9,'0592','007','07700180'),
 ('72548887F',10,'0590','001','07008648'),
 ('72548887F',11,'0591','216','07003742'),
 ('72548887F',12,'0590','062','07014442'),
 ('72548887F',13,'0590','052','07012895'),
 ('72548887F',14,'0590','106','07014375'),
 ('72548887F',15,'0591','206','07000789'),
 ('72548887F',16,'0590','117','07008338'),
 ('72548887F',17,'0590','815','07000030'),
 ('72548887F',18,'0597','FI','07006524'),
 ('72548887F',19,'0597','EI','07007152'),
 ('72548887F',20,'0590','815','07004199'),
 ('72548887F',21,'0597','MC','07004035'),
 ('72548887F',22,'0597','FV','07004424'),
 ('72548887F',23,'0597','EF','07014089'),
 ('72548887F',24,'0592','012','07000649'),
 ('72548887F',25,'0592','015','07000789'),
 ('72548887F',26,'0591','204','07007012'),
 ('72548887F',27,'0591','221','07002750'),
 ('72548887F',28,'0597','PRI','07700271'),
 ('72548887F',29,'0592','014','07013401'),
 ('72960165F',1,'0592','006','07003845'),
 ('72960165F',2,'0597','FV','07013668'),
 ('72960165F',3,'0591','229','07002105'),
 ('72960165F',4,'0590','005','07002749'),
 ('72960165F',5,'0590','002','07004035'),
 ('72960165F',6,'0590','104','07002816'),
 ('72960165F',7,'0591','214','07500476'),
 ('72960165F',8,'0597','FI','07003742'),
 ('72960165F',9,'0591','208','07007553'),
 ('72960165F',10,'0591','210','07013681'),
 ('72960165F',11,'0591','016','07003626'),
 ('72960165F',12,'0590','120','07013802'),
 ('72960165F',13,'0591','202','07008223'),
 ('72960165F',14,'0590','007','07005593'),
 ('72960165F',15,'0590','203','07004345'),
 ('72960165F',16,'0591','021','07003584'),
 ('72960165F',17,'0590','811','07008491'),
 ('72960165F',18,'0591','206','07012949'),
 ('72960165F',19,'0591','205','07007048'),
 ('72960165F',20,'0597','IN','07002725'),
 ('72960165F',21,'0591','207','07014843'),
 ('72960165F',22,'0592','010','07001666'),
 ('72960165F',23,'0590','122','07003456'),
 ('72960165F',24,'0590','003','07004412'),
 ('72960165F',25,'0590','016','07013073'),
 ('72960165F',26,'0590','018','07003092'),
 ('72960165F',27,'0597','PRI','07014624'),
 ('72960165F',28,'0597','FC','07000716'),
 ('72960165F',29,'0590','817','07002580'),
 ('72960165F',30,'0590','104','07004874'),
 ('72960165F',31,'0590','009','07013462'),
 ('74188001F',1,'0590','061','07003675'),
 ('74188001F',2,'0591','214','07014983'),
 ('74188001F',3,'0591','214','07001459'),
 ('74188001F',4,'0590','104','07000111'),
 ('74188001F',5,'0590','061','07004321'),
 ('74188001F',6,'0597','FV','07000108'),
 ('74188001F',7,'0592','014','07006123'),
 ('74188001F',8,'0591','208','07014570'),
 ('74188001F',9,'0591','215','07012950'),
 ('74188001F',10,'0590','812','07013701'),
 ('74188001F',11,'0590','118','07002440'),
 ('74188001F',12,'0597','FG','07004126'),
 ('74188001F',13,'0591','215','07013012'),
 ('74188001F',14,'0590','013','07006688'),
 ('74188001F',15,'0590','105','07013152'),
 ('74188001F',16,'0597','PRI','07002294'),
 ('74188001F',17,'0592','003','07001401'),
 ('74188001F',18,'0590','817','07000111'),
 ('74188001F',19,'0592','007','07007838'),
 ('74188001F',20,'0590','013','07002257'),
 ('74188001F',21,'0597','MU','07013024'),
 ('74188001F',22,'0597','MC','07002452'),
 ('74188001F',23,'0592','014','07005246'),
 ('74188001F',24,'0592','006','07013875'),
 ('74188001F',25,'0597','FF','07000753'),
 ('74188001F',26,'0591','212','07006238'),
 ('74188001F',27,'0590','120','07007981'),
 ('74188001F',28,'0591','228','07700088'),
 ('74188001F',29,'0597','PRI','07004369'),
 ('74188001F',30,'0591','204','07001046'),
 ('74188001F',31,'0592','013','07005453'),
 ('74188001F',32,'0590','811','07006937'),
 ('74188001F',33,'0590','052','07003304'),
 ('74188001F',34,'0597','AT','07007361'),
 ('74188001F',35,'0591','205','07004266'),
 ('74918472F',1,'0590','811','07013048'),
 ('74918472F',2,'0592','019','07000315'),
 ('74918472F',3,'0590','110','07007061'),
 ('74918472F',4,'0597','EF','07004746'),
 ('74918472F',5,'0590','121','07008545'),
 ('74918472F',6,'0590','112','07014703'),
 ('74918472F',7,'0592','005','07013553'),
 ('74918472F',8,'0590','015','07003936'),
 ('74918472F',9,'0590','111','07002142'),
 ('74918472F',10,'0591','219','07005404'),
 ('74918472F',11,'0592','018','07014600'),
 ('74918472F',12,'0591','223','07006469'),
 ('74918472F',13,'0590','062','07002518'),
 ('74918472F',14,'0591','205','07006251'),
 ('74918472F',15,'0597','FI','07005167'),
 ('74918472F',16,'0590','117','07008144'),
 ('74918472F',17,'0597','AT','07003614'),
 ('74918472F',18,'0590','011','07005635'),
 ('74918472F',19,'0590','015','07003109'),
 ('74918472F',20,'0590','011','07700295'),
 ('74918472F',21,'0597','QPI','07005568'),
 ('74918472F',22,'0590','016','07506041'),
 ('74918472F',23,'0591','224','07013784'),
 ('74918472F',24,'0592','014','07007000'),
 ('74918472F',26,'0591','202','07002415'),
 ('74918472F',27,'0590','057','07003951'),
 ('74918472F',28,'0590','013','07506021'),
 ('74918472F',29,'0597','PT','07006299'),
 ('74918472F',30,'0590','008','07003419'),
 ('74918472F',31,'0591','021','07013875'),
 ('74918472F',32,'0592','003','07002245'),
 ('74918472F',33,'0590','814','07014144'),
 ('74918472F',34,'0591','016','07014961'),
 ('74918472F',35,'0592','002','07003468'),
 ('74918472F',36,'0590','123','07006111'),
 ('74918472F',37,'0590','012','07013334'),
 ('74918472F',38,'0590','103','07000868'),
 ('74918472F',39,'0590','112','07007607'),
 ('74918472F',40,'0597','FI','07007590'),
 ('74918472F',41,'0591','021','07004436'),
 ('74918472F',42,'0590','123','07007115'),
 ('74918472F',43,'0590','010','07004621'),
 ('74918472F',44,'0591','016','07006433'),
 ('74918472F',45,'0591','205','07000650'),
 ('74918472F',46,'0590','203','07013450'),
 ('74918472F',47,'0590','007','07001915'),
 ('75232233F',1,'0590','007','07001629'),
 ('75232233F',2,'0590','112','07700121'),
 ('75232233F',3,'0592','017','07003250'),
 ('75232233F',4,'0590','012','07008727'),
 ('75232233F',5,'0590','813','07003596'),
 ('75232233F',6,'0590','116','07003973'),
 ('75232233F',7,'0592','020','07007371'),
 ('76797382F',1,'0590','005','07003821'),
 ('76797382F',2,'0590','811','07013371'),
 ('76797382F',3,'0591','228','07004205'),
 ('76797382F',4,'0590','110','07004667'),
 ('76797382F',5,'0590','011','07014120'),
 ('76797382F',6,'0591','219','07006071'),
 ('76797382F',7,'0590','102','07006299'),
 ('76797382F',8,'0597','FC','07006494'),
 ('76797382F',9,'0590','814','07005635'),
 ('76797382F',10,'0590','109','07500038'),
 ('76797382F',11,'0597','QPI','07005465'),
 ('76797382F',12,'0590','121','07008648'),
 ('76797382F',13,'0590','203','07006251'),
 ('76797382F',14,'0597','FL','07004734'),
 ('76797382F',15,'0597','FL','07700246'),
 ('76797382F',16,'0590','122','07014831'),
 ('76797382F',17,'0591','219','07006962'),
 ('76797382F',18,'0597','EU','07001654'),
 ('76797382F',19,'0591','201','07001010'),
 ('76797382F',20,'0590','109','07013243'),
 ('76797382F',21,'0592','013','07006202'),
 ('76797382F',22,'0590','019','07013383'),
 ('76797382F',23,'0591','209','07013449'),
 ('76797382F',24,'0590','057','07000546'),
 ('76797382F',25,'0597','FF','07014132'),
 ('76797382F',26,'0591','211','07014594'),
 ('76797382F',27,'0591','217','07500181'),
 ('78676612F',1,'0597','IN','07005398'),
 ('78676612F',2,'0590','106','07008004'),
 ('78676612F',3,'0591','222','07013838'),
 ('79887407F',1,'0590','101','07000959'),
 ('79887407F',2,'0597','FA','07007978'),
 ('79887407F',3,'0590','113','07003249'),
 ('79887407F',4,'0591','221','07004011'),
 ('79887407F',5,'0590','007','07006950'),
 ('79887407F',6,'0592','010','07501043'),
 ('79887407F',7,'0597','AT','07700064'),
 ('79887407F',8,'0590','105','07003833'),
 ('79887407F',9,'0592','004','07502004'),
 ('79887407F',10,'0590','056','07700052'),
 ('79887407F',11,'0591','218','07003882'),
 ('79887407F',12,'0591','217','07006585'),
 ('79887407F',13,'0590','810','07005969'),
 ('79887407F',14,'0590','052','07014053'),
 ('79887407F',15,'0590','803','07500105'),
 ('79887407F',16,'0590','101','07006299'),
 ('79887407F',17,'0597','FN','07007191'),
 ('79887407F',18,'0591','222','07014636'),
 ('79887407F',19,'0597','FN','07013000'),
 ('79887407F',20,'0590','104','07007826');



/*!40101 SET SQL_MODE=@OLD_SQL_MODE */;
/*!40014 SET FOREIGN_KEY_CHECKS=@OLD_FOREIGN_KEY_CHECKS */;
/*!40014 SET UNIQUE_CHECKS=@OLD_UNIQUE_CHECKS */;
/*!40101 SET CHARACTER_SET_CLIENT=@OLD_CHARACTER_SET_CLIENT */;
/*!40101 SET CHARACTER_SET_RESULTS=@OLD_CHARACTER_SET_RESULTS */;
/*!40101 SET COLLATION_CONNECTION=@OLD_COLLATION_CONNECTION */;
/*!40101 SET CHARACTER_SET_CLIENT=@OLD_CHARACTER_SET_CLIENT */;

GRANT ALL PRIVILEGES ON *.* TO 'root'@'192.168.%.%'  WITH GRANT OPTION;
grant select on interins.* to 'lector'@'192.168.7.%' identified by 'seCret_16';
grant select on interins.* to 'lector'@'192.168.8.%' identified by 'seCret_16';
grant select on interins.* to 'lector'@'192.168.9.%' identified by 'seCret_16';
grant select on interins.* to 'lector'@'localhost' identified by 'seCret_16';
grant select, insert, update, delete, execute on interins.* to 'usuari'@'192.168.7.%' identified by 'seCret_16';
grant select, insert, update, delete, execute on interins.* to 'usuari'@'192.168.8.%' identified by 'seCret_16';
grant select, insert, update, delete, execute on interins.* to 'usuari'@'192.168.9.%' identified by 'seCret_16';
grant select, insert, update, delete, execute on interins.* to 'usuari'@'localhost' identified by 'seCret_16';
flush privileges;

